DATE,LEVEL,RAIN
2000-03-01,284,19.9
2000-03-02,261,39.5
2000-03-03,253,61.9
2000-03-04,266,106.3
2000-03-05,264,13.3
2000-03-06,247,18.2
2000-03-07,247,62
2000-03-08,244,25.6
2000-03-09,235,18.2
2000-03-10,236,47.1
2000-03-11,232,18.1
2000-03-12,225,83.5
2000-03-13,230,15.7
2000-03-14,224,41.3
2000-03-15,225,7.2
2000-03-16,221,0.4
2000-03-17,214,5.8
2000-03-18,212,50.6
2000-03-19,216,76.7
2000-03-20,238,21.1
2000-03-21,235,3.7
2000-03-22,216,12.4
2000-03-23,220,112.5
2000-03-24,238,195.6
2000-03-25,339,62.5
2000-03-26,295,15.8
2000-03-27,254,213
2000-03-28,319,1.6
2000-03-29,262,14.4
2000-03-30,255,20
2000-03-31,258,8.6
2000-04-01,239,2.3
2000-04-02,228,0
2000-04-03,221,11
2000-04-04,221,91.3
2000-04-05,243,134.9
2000-04-06,247,37.3
2000-04-07,245,28.6
2000-04-08,252,15.5
2000-04-09,246,5.4
2000-04-10,227,9
2000-04-11,225,34.8
2000-04-12,235,103.9
2000-04-13,276,54.5
2000-04-14,272,25.2
2000-04-15,264,94.3
2000-04-16,271,20.3
2000-04-17,288,98
2000-04-18,276,91.3
2000-04-19,291,11
2000-04-20,263,1.7
2000-04-21,240,6.7
2000-04-22,236,18.4
2000-04-23,260,27.6
2000-04-24,259,15.1
2000-04-25,252,3.7
2000-04-26,237,18
2000-04-27,242,15.9
2000-04-28,233,61.4
2000-04-29,255,27.4
2000-04-30,266,7.2
2000-05-01,243,71.6
2000-05-02,242,17.6
2000-05-03,237,45.3
2000-05-04,276,47.7
2000-05-05,288,28.3
2000-05-06,277,29.6
2000-05-07,270,45.2
2000-05-08,289,13.4
2000-05-09,266,31.5
2000-05-10,267,17.5
2000-05-11,266,10.6
2000-05-12,259,25.1
2000-05-13,276,28.7
2000-05-14,278,35
2000-05-15,270,8.5
2000-05-16,250,24.7
2000-05-17,253,216.9
2000-05-18,339,74.2
2000-05-19,340,27.6
2000-05-20,288,275.1
2000-05-21,372,31.2
2000-05-22,314,64.3
2000-05-23,348,81.2
2000-05-24,333,18.3
2000-05-25,305,31.9
2000-05-26,314,24.8
2000-05-27,300,70.8
2000-05-28,315,32.5
2000-05-29,310,19.6
2000-05-30,299,44.6
2000-05-31,286,33.9
2000-06-01,281,28.9
2000-06-02,276,22
2000-06-03,254,4.2
2000-06-04,245,46.3
2000-06-05,259,3
2000-06-06,241,27.6
2000-06-07,249,10.4
2000-06-08,245,9.5
2000-06-09,245,7.8
2000-06-10,242,19.4
2000-06-11,235,18.7
2000-06-12,233,44.8
2000-06-13,239,1.9
2000-06-14,227,44.9
2000-06-15,224,95.4
2000-06-16,254,78.9
2000-06-17,314,21
2000-06-18,289,16.3
2000-06-19,259,17.4
2000-06-20,237,56.5
2000-06-21,253,27.6
2000-06-22,262,37.3
2000-06-23,308,69.4
2000-06-24,289,244.1
2000-06-25,318,11.7
2000-06-26,269,34.3
2000-06-27,276,31.4
2000-06-28,266,5.3
2000-06-29,247,3.9
2000-06-30,239,17.8
2000-07-01,236,1
2000-07-02,227,12.9
2000-07-03,226,7.5
2000-07-04,237,18.9
2000-07-05,257,10.8
2000-07-06,283,10.3
2000-07-07,261,3.3
2000-07-08,236,2
2000-07-09,225,0
2000-07-10,221,0
2000-07-11,219,2.2
2000-07-12,215,7.1
2000-07-13,221,21.3
2000-07-14,280,15.8
2000-07-15,293,2
2000-07-16,249,4
2000-07-17,228,0.3
2000-07-18,230,38.5
2000-07-19,250,117.9
2000-07-20,259,22.4
2000-07-21,255,33.8
2000-07-22,247,3
2000-07-23,239,1.2
2000-07-24,222,28.5
2000-07-25,228,25
2000-07-26,275,24.7
2000-07-27,322,4
2000-07-28,269,3
2000-07-29,251,10.7
2000-07-30,269,13.6
2000-07-31,306,1.1
2000-08-01,242,2
2000-08-02,232,23.7
2000-08-03,237,57.2
2000-08-04,302,9.4
2000-08-05,269,4
2000-08-06,242,18
2000-08-07,229,10.8
2000-08-08,250,17.2
2000-08-09,246,18.7
2000-08-10,273,19.2
2000-08-11,285,2.9
2000-08-12,252,0
2000-08-13,228,4.3
2000-08-14,220,0.9
2000-08-15,219,49.2
2000-08-16,316,33
2000-08-17,313,12.8
2000-08-18,296,30.9
2000-08-19,285,4.8
2000-08-20,253,2
2000-08-21,235,8.2
2000-08-22,228,20.4
2000-08-23,270,5.4
2000-08-24,266,48.8
2000-08-25,305,81.6
2000-08-26,332,4.7
2000-08-27,260,30.4
2000-08-28,298,18.1
2000-08-29,287,48.6
2000-08-30,295,3.9
2000-08-31,242,42.7
2000-09-01,282,12.7
2000-09-02,247,5.3
2000-09-03,235,25.9
2000-09-04,267,71.1
2000-09-05,280,13.7
2000-09-06,247,53.4
2000-09-07,251,78.9
2000-09-08,247,12.5
2000-09-09,236,28.9
2000-09-10,235,13.5
2000-09-11,228,17.8
2000-09-12,230,4.7
2000-09-13,222,5.4
2000-09-14,220,48.1
2000-09-15,241,14.2
2000-09-16,229,3.8
2000-09-17,226,5.7
2000-09-18,237,14.5
2000-09-19,239,14.2
2000-09-20,237,7.2
2000-09-21,222,22.7
2000-09-22,229,220.6
2000-09-23,247,63.1
2000-09-24,263,32.4
2000-09-25,255,90.2
2000-09-26,314,15.4
2000-09-27,261,46.6
2000-09-28,273,2.8
2000-09-29,239,11.8
2000-09-30,228,22.9
2000-10-01,261,16
2000-10-02,258,36.7
2000-10-03,236,31.9
2000-10-04,227,18.3
2000-10-05,241,15.6
2000-10-06,223,26.8
2000-10-07,219,8.1
2000-10-08,217,37.4
2000-10-09,237,17
2000-10-10,249,15.4
2000-10-11,252,1
2000-10-12,226,15
2000-10-13,215,5.5
2000-10-14,212,18.3
2000-10-15,221,47.1
2000-10-16,244,92.8
2000-10-17,246,9.2
2000-10-18,224,9.3
2000-10-19,227,33.6
2000-10-20,231,33.3
2000-10-21,220,38.4
2000-10-22,234,4
2000-10-23,226,118.7
2000-10-24,245,129.1
2000-10-25,287,104.1
2000-10-26,247,131.8
2000-10-27,262,62.2
2000-10-28,265,5.2
2000-10-29,236,67.9
2000-10-30,247,63
2000-10-31,234,74.1
2000-11-01,270,64.3
2000-11-02,249,34.9
2000-11-03,245,3.7
2000-11-04,225,15.4
2000-11-05,227,24.4
2000-11-06,233,32.4
2000-11-07,237,27.3
2000-11-08,239,24.5
2000-11-09,231,1.4
2000-11-10,231,25.9
2000-11-11,236,57.3
2000-11-12,228,5
2000-11-13,215,13.8
2000-11-14,214,15.8
2000-11-15,231,52.7
2000-11-16,268,17.4
2000-11-17,242,53.4
2000-11-18,286,70.7
2000-11-19,283,82.2
2000-11-20,287,66.5
2000-11-21,265,51.8
2000-11-22,267,37.7
2000-11-23,253,8.6
2000-11-24,236,32.2
2000-11-25,251,0
2000-11-26,235,0.3
2000-11-27,223,0
2000-11-28,218,38.4
2000-11-29,225,3
2000-11-30,225,7.1
2000-12-01,216,8.5
2000-12-02,213,9
2000-12-03,219,49.6
2000-12-04,213,57.4
2000-12-05,213,40.9
2000-12-06,217,29.6
2000-12-07,244,293
2000-12-08,304,26.2
2000-12-09,260,1.3
2000-12-10,229,14
2000-12-11,234,8
2000-12-12,225,80.5
2000-12-13,224,19.8
2000-12-14,217,5.6
2000-12-15,221,24.7
2000-12-16,210,10.4
2000-12-17,211,15.9
2000-12-18,218,46.8
2000-12-19,226,14
2000-12-20,233,21.7
2000-12-21,222,0.5
2000-12-22,211,1
2000-12-23,206,2
2000-12-24,207,16.2
2000-12-25,209,17
2000-12-26,222,7.3
2000-12-27,213,11.1
2000-12-28,212,47.5
2000-12-29,227,86.8
2000-12-30,253,44.2
2000-12-31,251,10.6
2001-01-01,230,2.7
2001-01-02,224,0
2001-01-03,209,0
2001-01-04,204,51.3
2001-01-05,212,155
2001-01-06,253,53.4
2001-01-07,223,1.5
2001-01-08,207,0.1
2001-01-09,201,5.5
2001-01-10,202,106.3
2001-01-11,217,19.1
2001-01-12,206,23.6
2001-01-13,200,26
2001-01-14,202,0
2001-01-15,195,1.5
2001-01-16,193,40.5
2001-01-17,196,29.6
2001-01-18,197,15.3
2001-01-19,201,6
2001-01-20,198,145.9
2001-01-21,207,15
2001-01-22,200,9.2
2001-01-23,207,32.4
2001-01-24,212,2.5
2001-01-25,201,0
2001-01-26,196,0
2001-01-27,192,0
2001-01-28,190,0
2001-01-29,189,0
2001-01-30,187,0
2001-01-31,186,0
2001-02-01,186,0
2001-02-02,186,18
2001-02-03,187,44.7
2001-02-04,198,0
2001-02-05,190,2.1
2001-02-06,188,0
2001-02-07,187,18
2001-02-08,194,13.5
2001-02-09,213,26.6
2001-02-10,218,0
2001-02-11,207,0
2001-02-12,195,0
2001-02-13,190,0
2001-02-14,188,0
2001-02-15,186,0
2001-02-16,184,1
2001-02-17,185,0
2001-02-18,185,0.1
2001-02-19,184,0
2001-02-20,184,134.3
2001-02-21,217,109.3
2001-02-22,243,129.5
2001-02-23,267,129.4
2001-02-24,263,8.7
2001-02-25,230,12
2001-02-26,209,46.7
2001-02-27,238,70.8
2001-02-28,242,205.1
2001-03-01,247,16
2001-03-02,222,32.4
2001-03-03,217,21.2
2001-03-04,216,65.9
2001-03-05,249,41.1
2001-03-06,223,31.7
2001-03-07,220,27.6
2001-03-08,221,16.4
2001-03-09,222,41
2001-03-10,211,2.6
2001-03-11,205,20.8
2001-03-12,199,0
2001-03-13,195,7
2001-03-14,192,157.9
2001-03-15,206,72
2001-03-16,205,59.4
2001-03-17,218,27.8
2001-03-18,207,90.7
2001-03-19,220,27.8
2001-03-20,220,32.4
2001-03-21,234,168.8
2001-03-22,282,77.6
2001-03-23,296,22.4
2001-03-24,248,25.6
2001-03-25,238,6.1
2001-03-26,220,13.3
2001-03-27,212,2.7
2001-03-28,205,32.7
2001-03-29,205,17.8
2001-03-30,216,11.9
2001-03-31,213,5
2001-04-01,204,124.2
2001-04-02,217,12.5
2001-04-03,205,0
2001-04-04,198,4.3
2001-04-05,195,7.4
2001-04-06,195,38.4
2001-04-07,231,51.6
2001-04-08,259,4
2001-04-09,215,4.7
2001-04-10,204,18.9
2001-04-11,205,13.4
2001-04-12,201,52.9
2001-04-13,239,4.3
2001-04-14,226,8.1
2001-04-15,215,10.1
2001-04-16,219,58
2001-04-17,251,32.3
2001-04-18,259,18.5
2001-04-19,222,37.5
2001-04-20,215,65.4
2001-04-21,211,11.4
2001-04-22,205,23
2001-04-23,207,92.7
2001-04-24,268,25.9
2001-04-25,229,27.3
2001-04-26,229,7.4
2001-04-27,239,11.2
2001-04-28,239,8.4
2001-04-29,240,10.6
2001-04-30,229,26.7
2001-05-01,261,3
2001-05-02,239,4.4
2001-05-03,219,14.5
2001-05-04,220,45.9
2001-05-05,257,3.2
2001-05-06,224,8.3
2001-05-07,212,40.1
2001-05-08,228,86.7
2001-05-09,259,152.7
2001-05-10,298,29.6
2001-05-11,256,0
2001-05-12,223,8.4
2001-05-13,213,14
2001-05-14,227,3.3
2001-05-15,213,25
2001-05-16,210,1.1
2001-05-17,204,12
2001-05-18,210,21.5
2001-05-19,231,120.8
2001-05-20,284,17.1
2001-05-21,243,14.4
2001-05-22,242,40.7
2001-05-23,232,37
2001-05-24,232,39.8
2001-05-25,230,18.4
2001-05-26,234,105.7
2001-05-27,240,145.9
2001-05-28,324,18
2001-05-29,273,35.4
2001-05-30,268,59.5
2001-05-31,282,4.7
2001-06-01,254,7.8
2001-06-02,237,104.2
2001-06-03,267,17.8
2001-06-04,255,11.4
2001-06-05,246,26
2001-06-06,251,11.1
2001-06-07,241,28.2
2001-06-08,252,33.9
2001-06-09,259,49.3
2001-06-10,279,82.6
2001-06-11,358,26.4
2001-06-12,291,27.7
2001-06-13,280,9
2001-06-14,261,6.2
2001-06-15,237,2.2
2001-06-16,232,2.1
2001-06-17,221,5.7
2001-06-18,217,27.4
2001-06-19,272,63.9
2001-06-20,350,22.7
2001-06-21,327,3.1
2001-06-22,262,1.2
2001-06-23,236,1.2
2001-06-24,230,2
2001-06-25,235,0
2001-06-26,218,1.3
2001-06-27,240,27.9
2001-06-28,301,58.5
2001-06-29,405,32.3
2001-06-30,323,13.3
2001-07-01,311,21.2
2001-07-02,280,15.9
2001-07-03,283,5
2001-07-04,244,4.3
2001-07-05,239,64.2
2001-07-06,321,38.8
2001-07-07,293,9.4
2001-07-08,249,32.1
2001-07-09,256,6.1
2001-07-10,244,8.4
2001-07-11,243,20.4
2001-07-12,249,5.3
2001-07-13,235,15.6
2001-07-14,250,19.8
2001-07-15,229,38.4
2001-07-16,237,3.4
2001-07-17,228,5.8
2001-07-18,225,22.7
2001-07-19,228,15.9
2001-07-20,248,10.3
2001-07-21,251,15.8
2001-07-22,264,18.2
2001-07-23,274,5
2001-07-24,246,0
2001-07-25,223,0
2001-07-26,214,16.9
2001-07-27,220,5.4
2001-07-28,225,39
2001-07-29,238,2
2001-07-30,221,30.6
2001-07-31,263,12
2001-08-01,249,11.5
2001-08-02,273,23.6
2001-08-03,301,23
2001-08-04,313,26.7
2001-08-05,292,4
2001-08-06,243,0
2001-08-07,224,26.7
2001-08-08,227,16.3
2001-08-09,261,12.2
2001-08-10,247,16.9
2001-08-11,333,25
2001-08-12,310,0
2001-08-13,241,0
2001-08-14,225,0
2001-08-15,217,11.1
2001-08-16,229,14.8
2001-08-17,246,42.2
2001-08-18,278,32.3
2001-08-19,261,4
2001-08-20,235,9.6
2001-08-21,290,61.7
2001-08-22,365,17.8
2001-08-23,289,0
2001-08-24,237,0.4
2001-08-25,222,15.2
2001-08-26,217,6.8
2001-08-27,216,1.2
2001-08-28,210,5
2001-08-29,208,1
2001-08-30,205,0
2001-08-31,202,0.2
2001-09-01,200,1.3
2001-09-02,201,14.8
2001-09-03,219,14.3
2001-09-04,209,25.2
2001-09-05,238,62.1
2001-09-06,322,21.9
2001-09-07,272,1
2001-09-08,226,0.7
2001-09-09,213,76.4
2001-09-10,232,31.1
2001-09-11,242,42.3
2001-09-12,298,7.4
2001-09-13,246,40.4
2001-09-14,286,114.8
2001-09-15,268,3.6
2001-09-16,238,12.5
2001-09-17,234,0
2001-09-18,218,18.6
2001-09-19,215,3.1
2001-09-20,225,2
2001-09-21,215,18.7
2001-09-22,222,5
2001-09-23,213,31.2
2001-09-24,238,15.8
2001-09-25,214,0.1
2001-09-26,206,3
2001-09-27,204,29.9
2001-09-28,256,13
2001-09-29,236,2.5
2001-09-30,219,1.3
2001-10-01,209,0
2001-10-02,202,11.6
2001-10-03,204,16.7
2001-10-04,219,19.7
2001-10-05,230,1.6
2001-10-06,208,3
2001-10-07,203,8.8
2001-10-08,203,0
2001-10-09,198,0
2001-10-10,195,7
2001-10-11,194,4.4
2001-10-12,192,0
2001-10-13,191,7.5
2001-10-14,192,4.4
2001-10-15,193,10.8
2001-10-16,193,180.7
2001-10-17,224,44.7
2001-10-18,217,17.4
2001-10-19,211,33.3
2001-10-20,214,74.1
2001-10-21,221,93.1
2001-10-22,224,113.3
2001-10-23,235,72.8
2001-10-24,251,22.2
2001-10-25,228,3
2001-10-26,213,0.1
2001-10-27,202,6.1
2001-10-28,204,16.3
2001-10-29,201,27.8
2001-10-30,203,95.7
2001-10-31,205,43.9
2001-11-01,201,201.2
2001-11-02,238,6.1
2001-11-03,211,0
2001-11-04,201,0
2001-11-05,195,19.8
2001-11-06,198,55.6
2001-11-07,211,6.6
2001-11-08,201,7.5
2001-11-09,198,12.7
2001-11-10,200,12
2001-11-11,201,25.1
2001-11-12,209,68.7
2001-11-13,225,81.8
2001-11-14,226,99.9
2001-11-15,232,75.6
2001-11-16,221,17.6
2001-11-17,222,2.3
2001-11-18,215,11.1
2001-11-19,222,53.7
2001-11-20,220,69.7
2001-11-21,221,9.2
2001-11-22,221,4.1
2001-11-23,213,27.6
2001-11-24,209,65.6
2001-11-25,205,177.1
2001-11-26,216,85.1
2001-11-27,243,85.6
2001-11-28,269,174.9
2001-11-29,288,17.1
2001-11-30,265,59.2
2001-12-01,268,22.2
2001-12-02,260,24.4
2001-12-03,260,93.1
2001-12-04,272,84.9
2001-12-05,250,20.5
2001-12-06,233,73.6
2001-12-07,226,0
2001-12-08,219,96.1
2001-12-09,245,44.9
2001-12-10,231,19.2
2001-12-11,235,0.4
2001-12-12,222,0.6
2001-12-13,213,70.3
2001-12-14,235,55.8
2001-12-15,217,30.7
2001-12-16,219,24.1
2001-12-17,216,29.5
2001-12-18,235,64.5
2001-12-19,248,47.5
2001-12-20,252,7
2001-12-21,220,16.1
2001-12-22,233,21.3
2001-12-23,224,136.9
2001-12-24,275,7.6
2001-12-25,231,19.8
2001-12-26,223,83.5
2001-12-27,257,25.1
2001-12-28,242,5.4
2001-12-29,230,7.1
2001-12-30,235,32.9
2001-12-31,220,10.1
2002-01-01,208,16.2
2002-01-02,208,8
2002-01-03,201,41.4
2002-01-04,200,18
2002-01-05,198,0
2002-01-06,195,18.7
2002-01-07,201,71.2
2002-01-08,208,116.6
2002-01-09,214,54.4
2002-01-10,217,6.2
2002-01-11,212,61.9
2002-01-12,204,47.9
2002-01-13,222,47.5
2002-01-14,223,33.8
2002-01-15,239,1
2002-01-16,207,33.9
2002-01-17,199,0
2002-01-18,194,0
2002-01-19,191,0
2002-01-20,189,10
2002-01-21,188,13.4
2002-01-22,194,14.2
2002-01-23,190,2.6
2002-01-24,188,5
2002-01-25,189,2
2002-01-26,188,1.5
2002-01-27,187,11.1
2002-01-28,190,0
2002-01-29,190,2.5
2002-01-30,189,1.2
2002-01-31,188,4.8
2002-02-01,190,2
2002-02-02,194,0
2002-02-03,190,47.2
2002-02-04,203,32.2
2002-02-05,234,4.4
2002-02-06,204,10.2
2002-02-07,195,34.7
2002-02-08,190,100.5
2002-02-09,194,15.6
2002-02-10,191,2.6
2002-02-11,188,11.3
2002-02-12,186,10.2
2002-02-13,185,0
2002-02-14,184,6
2002-02-15,184,5.8
2002-02-16,184,2.7
2002-02-17,184,7.3
2002-02-18,184,5.2
2002-02-19,184,14
2002-02-20,184,0
2002-02-21,183,0
2002-02-22,182,2.9
2002-02-23,182,8.3
2002-02-24,181,0.2
2002-02-25,181,21.5
2002-02-26,181,112.2
2002-02-27,183,98.4
2002-02-28,190,9.6
2002-03-01,188,0
2002-03-02,184,1.6
2002-03-03,184,147.8
2002-03-04,185,91.3
2002-03-05,189,19.2
2002-03-06,186,33.7
2002-03-07,184,2
2002-03-08,183,2.2
2002-03-09,183,0
2002-03-10,181,0
2002-03-11,177,9.4
2002-03-12,181,20.1
2002-03-13,185,10.9
2002-03-14,186,21.5
2002-03-15,185,81.5
2002-03-16,209,17.5
2002-03-17,226,44.1
2002-03-18,225,69.4
2002-03-19,244,119.5
2002-03-20,275,181
2002-03-21,306,31.8
2002-03-22,258,139.1
2002-03-23,238,10
2002-03-24,241,13.7
2002-03-25,241,4.9
2002-03-26,212,0
2002-03-27,201,28.9
2002-03-28,207,65.6
2002-03-29,222,128.5
2002-03-30,265,8
2002-03-31,235,2.2
2002-04-01,213,17.8
2002-04-02,238,44.2
2002-04-03,255,24.1
2002-04-04,254,16.1
2002-04-05,230,13.5
2002-04-06,217,128.9
2002-04-07,239,48.8
2002-04-08,259,62.2
2002-04-09,283,10
2002-04-10,237,7.2
2002-04-11,217,1
2002-04-12,219,22
2002-04-13,201,2.6
2002-04-14,201,98.2
2002-04-15,202,25.8
2002-04-16,202,34
2002-04-17,196,29.1
2002-04-18,214,13.1
2002-04-19,219,59.7
2002-04-20,254,8
2002-04-21,260,41.3
2002-04-22,260,18.4
2002-04-23,239,5.5
2002-04-24,218,105.3
2002-04-25,265,109.7
2002-04-26,311,103.9
2002-04-27,310,34.9
2002-04-28,281,314
2002-04-29,315,8.4
2002-04-30,253,110.2
2002-05-01,277,41.3
2002-05-02,291,21.2
2002-05-03,277,5.2
2002-05-04,242,14
2002-05-05,230,2
2002-05-06,222,47.1
2002-05-07,226,4.1
2002-05-08,232,3
2002-05-09,230,20.9
2002-05-10,236,15.4
2002-05-11,259,15.6
2002-05-12,235,32.3
2002-05-13,232,10.7
2002-05-14,234,14.7
2002-05-15,230,6.8
2002-05-16,223,44.6
2002-05-17,255,7.2
2002-05-18,234,18.2
2002-05-19,259,15
2002-05-20,240,126.6
2002-05-21,237,37.4
2002-05-22,237,6
2002-05-23,226,5.5
2002-05-24,221,2
2002-05-25,211,110.9
2002-05-26,271,77
2002-05-27,267,131.3
2002-05-28,283,14.9
2002-05-29,249,57.8
2002-05-30,239,36.6
2002-05-31,281,139.4
2002-06-01,271,13.1
2002-06-02,247,33
2002-06-03,250,82.4
2002-06-04,271,29.1
2002-06-05,261,227.3
2002-06-06,335,64
2002-06-07,324,3.3
2002-06-08,268,70.5
2002-06-09,301,28.3
2002-06-10,282,97.4
2002-06-11,327,34.7
2002-06-12,328,16.8
2002-06-13,271,3
2002-06-14,252,22.4
2002-06-15,260,48
2002-06-16,283,22
2002-06-17,290,5.2
2002-06-18,298,8.8
2002-06-19,268,15.1
2002-06-20,295,15.1
2002-06-21,304,5.4
2002-06-22,286,2
2002-06-23,283,4.1
2002-06-24,321,36
2002-06-25,384,20.7
2002-06-26,337,3
2002-06-27,273,3
2002-06-28,251,7.5
2002-06-29,244,30.9
2002-06-30,297,4.4
2002-07-01,263,24.7
2002-07-02,310,10.9
2002-07-03,286,7.7
2002-07-04,257,15.9
2002-07-05,271,170.7
2002-07-06,292,18.3
2002-07-07,265,12
2002-07-08,253,1
2002-07-09,234,1.6
2002-07-10,225,21.8
2002-07-11,251,16.8
2002-07-12,274,25
2002-07-13,269,1.8
2002-07-14,241,8
2002-07-15,232,24.1
2002-07-16,240,15.1
2002-07-17,242,62.9
2002-07-18,346,21.6
2002-07-19,293,3.7
2002-07-20,246,17
2002-07-21,230,100.6
2002-07-22,238,10.1
2002-07-23,229,2.1
2002-07-24,220,47.5
2002-07-25,232,29
2002-07-26,292,10.9
2002-07-27,265,13
2002-07-28,241,11.7
2002-07-29,287,13.6
2002-07-30,262,47
2002-07-31,263,14.8
2002-08-01,264,2.4
2002-08-02,238,5.5
2002-08-03,238,16.6
2002-08-04,303,3.5
2002-08-05,270,1
2002-08-06,233,21.7
2002-08-07,230,49.4
2002-08-08,293,32.9
2002-08-09,324,3
2002-08-10,270,10.2
2002-08-11,261,8.5
2002-08-12,270,6.9
2002-08-13,254,22.2
2002-08-14,293,18.7
2002-08-15,318,17.3
2002-08-16,333,62.4
2002-08-17,293,9.8
2002-08-18,253,7.2
2002-08-19,243,2.9
2002-08-20,231,23.9
2002-08-21,250,3.2
2002-08-22,232,17.6
2002-08-23,256,13.5
2002-08-24,261,4.2
2002-08-25,240,22.6
2002-08-26,240,30.2
2002-08-27,250,7
2002-08-28,237,51.6
2002-08-29,226,153
2002-08-30,226,26.2
2002-08-31,223,23
2002-09-01,220,30.8
2002-09-02,240,17.9
2002-09-03,292,2.9
2002-09-04,252,0
2002-09-05,226,0
2002-09-06,216,0
2002-09-07,211,0
2002-09-08,208,1.7
2002-09-09,205,0.6
2002-09-10,204,1.5
2002-09-11,210,1
2002-09-12,217,19.2
2002-09-13,206,0
2002-09-14,202,5.2
2002-09-15,201,12.4
2002-09-16,201,10.5
2002-09-17,200,15.8
2002-09-18,200,59.2
2002-09-19,244,32.7
2002-09-20,228,1
2002-09-21,210,0
2002-09-22,203,0
2002-09-23,198,4.4
2002-09-24,199,41.2
2002-09-25,207,47.2
2002-09-26,234,56.3
2002-09-27,241,17.6
2002-09-28,223,8
2002-09-29,228,4
2002-09-30,218,0
2002-10-01,206,0
2002-10-02,200,0
2002-10-03,199,2
2002-10-04,196,2
2002-10-05,194,0.2
2002-10-06,194,5.3
2002-10-07,197,6.1
2002-10-08,194,1.5
2002-10-09,193,0.5
2002-10-10,198,27.4
2002-10-11,195,12.2
2002-10-12,197,24.5
2002-10-13,229,0
2002-10-14,204,17.1
2002-10-15,196,20.3
2002-10-16,203,9
2002-10-17,201,22.7
2002-10-18,217,11.7
2002-10-19,213,2
2002-10-20,204,112.7
2002-10-21,270,36.5
2002-10-22,248,24.7
2002-10-23,241,50.1
2002-10-24,282,32
2002-10-25,240,33.6
2002-10-26,225,229.9
2002-10-27,302,13.3
2002-10-28,247,181
2002-10-29,278,153.1
2002-10-30,290,56.1
2002-10-31,280,74.9
2002-11-01,257,11.6
2002-11-02,245,79.7
2002-11-03,240,36.1
2002-11-04,245,113.3
2002-11-05,240,80.1
2002-11-06,251,14.7
2002-11-07,234,15.8
2002-11-08,243,90.6
2002-11-09,256,64.1
2002-11-10,258,10
2002-11-11,243,5.5
2002-11-12,226,26.2
2002-11-13,225,36.4
2002-11-14,250,29.5
2002-11-15,237,19.7
2002-11-16,255,25.6
2002-11-17,263,3.5
2002-11-18,234,26.1
2002-11-19,225,1.7
2002-11-20,222,5
2002-11-21,213,3.1
2002-11-22,212,1
2002-11-23,209,0
2002-11-24,205,0
2002-11-25,202,13.5
2002-11-26,202,3.8
2002-11-27,202,6.1
2002-11-28,202,2
2002-11-29,200,8.7
2002-11-30,198,12.5
2002-12-01,198,27.6
2002-12-02,201,3
2002-12-03,203,10
2002-12-04,199,9
2002-12-05,196,12
2002-12-06,208,23
2002-12-07,203,29.4
2002-12-08,214,108.4
2002-12-09,218,21.9
2002-12-10,224,15.4
2002-12-11,226,0
2002-12-12,208,0
2002-12-13,199,12.1
2002-12-14,196,63.1
2002-12-15,207,160.1
2002-12-16,270,164.5
2002-12-17,311,94.1
2002-12-18,283,16.3
2002-12-19,258,48.1
2002-12-20,239,123
2002-12-21,272,34.6
2002-12-22,252,0
2002-12-23,223,0
2002-12-24,213,0
2002-12-25,206,1.4
2002-12-26,204,4.5
2002-12-27,204,0
2002-12-28,198,38.2
2002-12-29,197,53.3
2002-12-30,205,0
2002-12-31,200,0
2003-01-01,195,0
2003-01-02,192,0
2003-01-03,190,6.5
2003-01-04,191,5
2003-01-05,189,0
2003-01-06,188,0
2003-01-07,187,0
2003-01-08,186,0
2003-01-09,185,0
2003-01-10,185,0
2003-01-11,184,0
2003-01-12,184,0
2003-01-13,183,5
2003-01-14,183,44
2003-01-15,187,145
2003-01-16,192,21.8
2003-01-17,189,37
2003-01-18,189,127.8
2003-01-19,201,74.5
2003-01-20,222,0.8
2003-01-21,196,0
2003-01-22,189,17.1
2003-01-23,188,23.5
2003-01-24,192,4.5
2003-01-25,193,1
2003-01-26,187,1.3
2003-01-27,185,26
2003-01-28,186,0
2003-01-29,184,2.2
2003-01-30,183,0
2003-01-31,182,163.6
2003-02-01,185,224.9
2003-02-02,194,33.8
2003-02-03,190,0
2003-02-04,186,3
2003-02-05,184,2.1
2003-02-06,184,1.7
2003-02-07,184,0.9
2003-02-08,184,0
2003-02-09,183,0
2003-02-10,182,2.3
2003-02-11,182,5
2003-02-12,184,2
2003-02-13,182,24.3
2003-02-14,183,94.2
2003-02-15,187,6.5
2003-02-16,186,67.5
2003-02-17,200,16.6
2003-02-18,204,65.1
2003-02-19,191,25.7
2003-02-20,197,20.8
2003-02-21,192,11.1
2003-02-22,186,0
2003-02-23,183,4.1
2003-02-24,183,9.5
2003-02-25,196,28.6
2003-02-26,195,109.2
2003-02-27,216,72
2003-02-28,220,64.6
2003-03-01,219,24.1
2003-03-02,208,10.2
2003-03-03,212,11.5
2003-03-04,211,18
2003-03-05,226,0
2003-03-06,206,0
2003-03-07,195,0
2003-03-08,190,0
2003-03-09,187,0
2003-03-10,185,6.4
2003-03-11,184,16
2003-03-12,184,5
2003-03-13,183,11.6
2003-03-14,188,35.5
2003-03-15,192,144.3
2003-03-16,216,126.3
2003-03-17,229,11.8
2003-03-18,204,30.4
2003-03-19,196,3.2
2003-03-20,194,22.1
2003-03-21,206,53.6
2003-03-22,202,25.9
2003-03-23,199,20.3
2003-03-24,206,94.8
2003-03-25,204,180.8
2003-03-26,222,94.4
2003-03-27,266,87
2003-03-28,259,28.5
2003-03-29,234,0.8
2003-03-30,223,29.2
2003-03-31,223,61.8
2003-04-01,212,11.1
2003-04-02,203,6.5
2003-04-03,202,0.6
2003-04-04,200,3.9
2003-04-05,202,1
2003-04-06,198,0.2
2003-04-07,192,0
2003-04-08,189,21
2003-04-09,189,151.2
2003-04-10,195,32.6
2003-04-11,239,3.4
2003-04-12,208,42.1
2003-04-13,232,27
2003-04-14,260,12.5
2003-04-15,230,11.5
2003-04-16,224,92.2
2003-04-17,240,72.4
2003-04-18,245,90.3
2003-04-19,222,98.7
2003-04-20,248,44.9
2003-04-21,242,125.5
2003-04-22,261,24.6
2003-04-23,270,21.1
2003-04-24,277,28.9
2003-04-25,260,13.6
2003-04-26,252,43.3
2003-04-27,250,7.8
2003-04-28,245,7.9
2003-04-29,225,30
2003-04-30,233,12.1
2003-05-01,230,1
2003-05-02,221,5.4
2003-05-03,209,11
2003-05-04,209,3
2003-05-05,212,31.7
2003-05-06,228,10
2003-05-07,219,27.4
2003-05-08,253,27.7
2003-05-09,285,45.8
2003-05-10,306,16.5
2003-05-11,273,39.3
2003-05-12,275,54.9
2003-05-13,298,28.2
2003-05-14,309,10.4
2003-05-15,276,18
2003-05-16,271,19.7
2003-05-17,255,56.3
2003-05-18,325,34.4
2003-05-19,322,36.6
2003-05-20,351,27.2
2003-05-21,302,20
2003-05-22,267,19.4
2003-05-23,260,20.5
2003-05-24,255,6.1
2003-05-25,254,3.4
2003-05-26,242,65
2003-05-27,278,23.5
2003-05-28,259,13.6
2003-05-29,269,42.9
2003-05-30,249,16.3
2003-05-31,250,27.4
2003-06-01,281,37.5
2003-06-02,278,19.1
2003-06-03,268,133.8
2003-06-04,269,79.6
2003-06-05,281,24.2
2003-06-06,279,28.2
2003-06-07,283,4
2003-06-08,242,9.6
2003-06-09,236,4
2003-06-10,229,30.5
2003-06-11,221,15.8
2003-06-12,221,42.7
2003-06-13,235,23
2003-06-14,238,35.9
2003-06-15,255,58.2
2003-06-16,271,30.3
2003-06-17,271,35.4
2003-06-18,282,8.8
2003-06-19,263,37.1
2003-06-20,310,9
2003-06-21,248,16.3
2003-06-22,231,17.2
2003-06-23,235,15.2
2003-06-24,261,19
2003-06-25,253,35.4
2003-06-26,245,9.6
2003-06-27,229,19.7
2003-06-28,234,11.7
2003-06-29,250,16.5
2003-06-30,257,9
2003-07-01,240,5.2
2003-07-02,219,9
2003-07-03,213,33.4
2003-07-04,241,14.8
2003-07-05,253,9.4
2003-07-06,227,7
2003-07-07,216,58.7
2003-07-08,235,27.8
2003-07-09,260,14.9
2003-07-10,233,19.1
2003-07-11,233,23.2
2003-07-12,302,29.3
2003-07-13,326,14.2
2003-07-14,280,11
2003-07-15,232,10
2003-07-16,218,27.8
2003-07-17,265,13.2
2003-07-18,323,13
2003-07-19,258,7.2
2003-07-20,253,10.1
2003-07-21,252,4.2
2003-07-22,243,7.5
2003-07-23,237,9.6
2003-07-24,254,19.5
2003-07-25,286,5.4
2003-07-26,281,8.8
2003-07-27,307,2.6
2003-07-28,262,2.8
2003-07-29,231,21.6
2003-07-30,300,27.7
2003-07-31,349,13.1
2003-08-01,296,1
2003-08-02,252,8.5
2003-08-03,250,4.3
2003-08-04,251,0
2003-08-05,230,5.7
2003-08-06,220,3
2003-08-07,213,7.9
2003-08-08,211,23.1
2003-08-09,227,0
2003-08-10,229,5.1
2003-08-11,233,0
2003-08-12,216,0
2003-08-13,208,5.9
2003-08-14,207,3.1
2003-08-15,225,2.7
2003-08-16,235,9
2003-08-17,212,3.2
2003-08-18,209,0
2003-08-19,205,6
2003-08-20,204,4.4
2003-08-21,201,3.5
2003-08-22,203,4.3
2003-08-23,204,39.2
2003-08-24,208,1
2003-08-25,203,13.2
2003-08-26,200,13.6
2003-08-27,229,28.5
2003-08-28,285,7.1
2003-08-29,277,33.3
2003-08-30,280,0
2003-08-31,235,12
2003-09-01,215,5.2
2003-09-02,215,3.4
2003-09-03,227,0
2003-09-04,209,0.3
2003-09-05,209,0.3
2003-09-06,205,100.7
2003-09-07,242,29.4
2003-09-08,235,35.8
2003-09-09,256,1.8
2003-09-10,225,33.4
2003-09-11,224,13.8
2003-09-12,222,3.8
2003-09-13,228,0.5
2003-09-14,218,6.2
2003-09-15,223,0
2003-09-16,213,3.5
2003-09-17,205,9.6
2003-09-18,261,15
2003-09-19,264,0
2003-09-20,222,0
2003-09-21,212,15.7
2003-09-22,225,8.1
2003-09-23,235,15.6
2003-09-24,237,36.4
2003-09-25,213,15.8
2003-09-26,210,24.1
2003-09-27,206,28.8
2003-09-28,215,65.5
2003-09-29,249,5.3
2003-09-30,240,32.3
2003-10-01,277,6.3
2003-10-02,250,0.1
2003-10-03,218,0
2003-10-04,208,5.9
2003-10-05,206,23.8
2003-10-06,240,35.4
2003-10-07,233,101.9
2003-10-08,271,244.7
2003-10-09,270,149.3
2003-10-10,246,59.6
2003-10-11,236,13
2003-10-12,221,10.2
2003-10-13,227,62.1
2003-10-14,268,31.6
2003-10-15,262,9
2003-10-16,229,2.4
2003-10-17,218,22
2003-10-18,211,6
2003-10-19,210,17
2003-10-20,246,25.9
2003-10-21,275,25.4
2003-10-22,255,7
2003-10-23,223,0
2003-10-24,212,15.4
2003-10-25,210,104.8
2003-10-26,204,57
2003-10-27,211,25.8
2003-10-28,226,81.8
2003-10-29,240,114.1
2003-10-30,270,75.5
2003-10-31,250,57.4
2003-11-01,266,2.7
2003-11-02,232,36.5
2003-11-03,230,53.4
2003-11-04,219,4.2
2003-11-05,210,0.1
2003-11-06,206,17.7
2003-11-07,220,57.2
2003-11-08,242,23.5
2003-11-09,251,7.5
2003-11-10,233,29.1
2003-11-11,239,82.2
2003-11-12,237,41.5
2003-11-13,251,31.2
2003-11-14,228,14
2003-11-15,250,10.2
2003-11-16,232,8
2003-11-17,222,3.6
2003-11-18,209,55.2
2003-11-19,214,116.8
2003-11-20,227,40.3
2003-11-21,245,60.9
2003-11-22,271,52.6
2003-11-23,238,37.6
2003-11-24,235,112.2
2003-11-25,248,38.4
2003-11-26,253,54.9
2003-11-27,238,16.8
2003-11-28,224,16.1
2003-11-29,223,100.4
2003-11-30,234,101.5
2003-12-01,278,119.4
2003-12-02,306,24.5
2003-12-03,263,81.9
2003-12-04,242,1.1
2003-12-05,228,236
2003-12-06,235,34.5
2003-12-07,249,25
2003-12-08,237,3.2
2003-12-09,222,1
2003-12-10,213,7
2003-12-11,211,22.9
2003-12-12,212,149.3
2003-12-13,219,19
2003-12-14,216,24
2003-12-15,219,11.6
2003-12-16,211,17
2003-12-17,205,0.5
2003-12-18,201,11.9
2003-12-19,214,17.7
2003-12-20,238,21.4
2003-12-21,257,9.7
2003-12-22,231,1.5
2003-12-23,218,23
2003-12-24,219,0
2003-12-25,209,6
2003-12-26,204,170.4
2003-12-27,234,35.1
2003-12-28,216,3.9
2003-12-29,209,47
2003-12-30,214,5.3
2003-12-31,208,3.7
2004-01-01,203,1
2004-01-02,200,6.3
2004-01-03,196,10.5
2004-01-04,199,1.7
2004-01-05,198,67.1
2004-01-06,198,187.2
2004-01-07,218,6.3
2004-01-08,207,64.9
2004-01-09,211,71.5
2004-01-10,220,117.6
2004-01-11,219,16.2
2004-01-12,212,3.6
2004-01-13,203,17
2004-01-14,199,2.8
2004-01-15,202,62.9
2004-01-16,235,170.2
2004-01-17,240,1.9
2004-01-18,218,1.5
2004-01-19,206,2.8
2004-01-20,200,6
2004-01-21,196,162.4
2004-01-22,217,67.5
2004-01-23,227,0.4
2004-01-24,206,0
2004-01-25,198,5
2004-01-26,193,0
2004-01-27,190,0
2004-01-28,189,0
2004-01-29,189,0
2004-01-30,188,26.5
2004-01-31,187,1.3
2004-02-01,187,0
2004-02-02,187,0
2004-02-03,187,46.4
2004-02-04,185,0.5
2004-02-05,184,0
2004-02-06,182,0
2004-02-07,182,1.9
2004-02-08,182,0
2004-02-09,182,3
2004-02-10,182,0
2004-02-11,181,0
2004-02-12,180,0
2004-02-13,180,3.1
2004-02-14,180,2.8
2004-02-15,180,23.9
2004-02-16,185,0
2004-02-17,181,0
2004-02-18,179,6
2004-02-19,180,34.9
2004-02-20,186,48.1
2004-02-21,189,42.6
2004-02-22,188,246.9
2004-02-23,235,141
2004-02-24,260,78.6
2004-02-25,241,25.4
2004-02-26,225,16.9
2004-02-27,208,46.4
2004-02-28,214,11.5
2004-02-29,208,7.8
2004-03-01,200,17.7
2004-03-02,209,66.2
2004-03-03,258,4.9
2004-03-04,219,0.8
2004-03-05,204,5
2004-03-06,196,21.5
2004-03-07,195,2.6
2004-03-08,192,4.2
2004-03-09,189,8.4
2004-03-10,187,10
2004-03-11,188,40.1
2004-03-12,223,2
2004-03-13,207,0
2004-03-14,195,3.4
2004-03-15,190,1.9
2004-03-16,187,3.6
2004-03-17,186,0
2004-03-18,184,0
2004-03-19,181,0
2004-03-20,180,0
2004-03-21,179,0
2004-03-22,179,2
2004-03-23,179,36.9
2004-03-24,195,14.3
2004-03-25,203,161.6
2004-03-26,200,66.7
2004-03-27,200,64.6
2004-03-28,220,20.1
2004-03-29,216,16.2
2004-03-30,200,59.3
2004-03-31,199,41.7
2004-04-01,196,135.6
2004-04-02,220,109
2004-04-03,252,64.3
2004-04-04,236,2
2004-04-05,215,1
2004-04-06,202,0
2004-04-07,195,2.3
2004-04-08,190,53.7
2004-04-09,198,74.4
2004-04-10,278,45
2004-04-11,241,39.1
2004-04-12,249,64.6
2004-04-13,228,206.3
2004-04-14,263,48.6
2004-04-15,238,86.5
2004-04-16,250,176.6
2004-04-17,274,109.5
2004-04-18,261,91.7
2004-04-19,250,12.2
2004-04-20,253,89.2
2004-04-21,254,34.2
2004-04-22,240,74.6
2004-04-23,230,84.2
2004-04-24,278,67.6
2004-04-25,279,5.8
2004-04-26,243,14.1
2004-04-27,232,62.3
2004-04-28,245,22.3
2004-04-29,238,4.9
2004-04-30,219,13.5
2004-05-01,219,3
2004-05-02,214,38.7
2004-05-03,220,57.1
2004-05-04,288,40.1
2004-05-05,260,15.8
2004-05-06,254,21.9
2004-05-07,233,18.2
2004-05-08,250,14.8
2004-05-09,279,19.8
2004-05-10,276,2.3
2004-05-11,240,6.1
2004-05-12,222,12.9
2004-05-13,227,2.2
2004-05-14,214,16.6
2004-05-15,226,41.5
2004-05-16,220,30.1
2004-05-17,250,27.2
2004-05-18,259,87.9
2004-05-19,308,32.7
2004-05-20,275,8.5
2004-05-21,244,3.4
2004-05-22,237,24.1
2004-05-23,228,9.9
2004-05-24,230,0
2004-05-25,220,18.1
2004-05-26,214,39.6
2004-05-27,238,108.9
2004-05-28,364,35.1
2004-05-29,271,20.2
2004-05-30,265,67
2004-05-31,261,11.8
2004-06-01,252,21.8
2004-06-02,259,87.2
2004-06-03,357,16.6
2004-06-04,281,79.9
2004-06-05,326,35.7
2004-06-06,296,23.2
2004-06-07,272,17.1
2004-06-08,240,19.6
2004-06-09,245,11.8
2004-06-10,236,11
2004-06-11,289,3.8
2004-06-12,225,48.8
2004-06-13,349,8.1
2004-06-14,278,5.1
2004-06-15,260,37.4
2004-06-16,335,3
2004-06-17,278,3.1
2004-06-18,256,13.6
2004-06-19,285,41.6
2004-06-20,299,13.5
2004-06-21,276,27.7
2004-06-22,286,5.4
2004-06-23,244,5
2004-06-24,231,26.5
2004-06-25,243,9.5
2004-06-26,224,0
2004-06-27,218,33.9
2004-06-28,224,42.6
2004-06-29,296,15.7
2004-06-30,239,12.5
2004-07-01,233,5.5
2004-07-02,232,0.2
2004-07-03,227,6.5
2004-07-04,221,11.2
2004-07-05,234,38.8
2004-07-06,275,2.4
2004-07-07,245,1.7
2004-07-08,227,216.3
2004-07-09,275,5.8
2004-07-10,253,5.1
2004-07-11,239,65.7
2004-07-12,282,27.4
2004-07-13,274,51.4
2004-07-14,278,36.1
2004-07-15,283,2
2004-07-16,254,13.9
2004-07-17,236,14
2004-07-18,249,1
2004-07-19,227,13.4
2004-07-20,232,12.3
2004-07-21,239,25
2004-07-22,243,3.9
2004-07-23,238,5
2004-07-24,228,10.6
2004-07-25,256,6.4
2004-07-26,230,27.8
2004-07-27,256,35.5
2004-07-28,283,24.1
2004-07-29,254,21.6
2004-07-30,270,73.2
2004-07-31,368,41.5
2004-08-01,299,3
2004-08-02,259,1.2
2004-08-03,233,14.4
2004-08-04,246,22.1
2004-08-05,313,8
2004-08-06,262,6.3
2004-08-07,241,25.7
2004-08-08,299,12.1
2004-08-09,269,16
2004-08-10,288,4.4
2004-08-11,271,7
2004-08-12,265,33.6
2004-08-13,298,11.9
2004-08-14,281,8.4
2004-08-15,259,4.5
2004-08-16,245,4.1
2004-08-17,229,2
2004-08-18,233,4
2004-08-19,218,44.5
2004-08-20,283,5.5
2004-08-21,244,0
2004-08-22,254,0
2004-08-23,216,12.9
2004-08-24,217,33.5
2004-08-25,256,4.7
2004-08-26,244,2.5
2004-08-27,224,0
2004-08-28,213,11.8
2004-08-29,213,5
2004-08-30,222,1.2
2004-08-31,224,0
2004-09-01,217,0
2004-09-02,208,0
2004-09-03,203,17
2004-09-04,208,4.2
2004-09-05,217,1
2004-09-06,220,17.8
2004-09-07,211,133.8
2004-09-08,244,20.5
2004-09-09,239,20.2
2004-09-10,259,10.5
2004-09-11,258,2
2004-09-12,222,12
2004-09-13,213,21.9
2004-09-14,256,0
2004-09-15,219,9.3
2004-09-16,211,0
2004-09-17,204,6.5
2004-09-18,205,2.4
2004-09-19,207,18.7
2004-09-20,214,15.6
2004-09-21,206,3.6
2004-09-22,208,5.1
2004-09-23,198,10.2
2004-09-24,200,2.2
2004-09-25,199,11.4
2004-09-26,204,3.3
2004-09-27,208,13
2004-09-28,200,10
2004-09-29,195,36.3
2004-09-30,197,8.3
2004-10-01,196,8.6
2004-10-02,216,0
2004-10-03,204,0
2004-10-04,196,5
2004-10-05,206,46
2004-10-06,232,6
2004-10-07,235,40.9
2004-10-08,261,39.2
2004-10-09,249,22.1
2004-10-10,237,7
2004-10-11,223,57.5
2004-10-12,240,41.2
2004-10-13,240,0.1
2004-10-14,226,19
2004-10-15,225,0
2004-10-16,212,55.1
2004-10-17,209,10.3
2004-10-18,219,88
2004-10-19,226,47.2
2004-10-20,243,49
2004-10-21,288,85.2
2004-10-22,243,87.8
2004-10-23,247,68
2004-10-24,238,42.4
2004-10-25,228,48.8
2004-10-26,223,40.8
2004-10-27,223,37.4
2004-10-28,214,36.1
2004-10-29,223,42.9
2004-10-30,223,45.3
2004-10-31,222,6.4
2004-11-01,216,11.2
2004-11-02,220,22.6
2004-11-03,218,34.1
2004-11-04,217,28.5
2004-11-05,220,79.3
2004-11-06,228,39.3
2004-11-07,246,43.7
2004-11-08,267,12
2004-11-09,259,70.8
2004-11-10,242,10.5
2004-11-11,225,23.4
2004-11-12,214,97.6
2004-11-13,220,116.2
2004-11-14,236,87.8
2004-11-15,256,36.4
2004-11-16,259,61.9
2004-11-17,256,129.1
2004-11-18,288,104.1
2004-11-19,278,96
2004-11-20,267,10.5
2004-11-21,242,0.4
2004-11-22,226,0
2004-11-23,216,0
2004-11-24,210,134.2
2004-11-25,227,70.1
2004-11-26,293,27.2
2004-11-27,259,23
2004-11-28,240,38
2004-11-29,238,62.6
2004-11-30,229,22.4
2004-12-01,215,20.5
2004-12-02,223,12.4
2004-12-03,229,9.7
2004-12-04,229,25.4
2004-12-05,232,8.1
2004-12-06,227,0
2004-12-07,217,2
2004-12-08,212,51.1
2004-12-09,216,121.1
2004-12-10,227,18.9
2004-12-11,227,30.2
2004-12-12,214,71.8
2004-12-13,219,61.5
2004-12-14,229,67.7
2004-12-15,245,93.1
2004-12-16,239,36.6
2004-12-17,228,52
2004-12-18,230,47.8
2004-12-19,225,38.9
2004-12-20,218,46.7
2004-12-21,221,7.9
2004-12-22,210,12.7
2004-12-23,205,44.1
2004-12-24,201,16.5
2004-12-25,200,9
2004-12-26,198,104.7
2004-12-27,221,26.9
2004-12-28,209,49.5
2004-12-29,211,36.8
2004-12-30,210,12.8
2004-12-31,207,8.7
2005-01-01,202,3
2005-01-02,197,80.4
2005-01-03,200,36.2
2005-01-04,203,33.4
2005-01-05,209,17
2005-01-06,208,14.3
2005-01-07,210,0.1
2005-01-08,201,20.2
2005-01-09,201,34.4
2005-01-10,236,2
2005-01-11,216,24.9
2005-01-12,209,36.1
2005-01-13,210,8
2005-01-14,200,69.1
2005-01-15,221,18.9
2005-01-16,204,34.4
2005-01-17,203,13.4
2005-01-18,206,11.5
2005-01-19,202,34.9
2005-01-20,200,25.6
2005-01-21,217,42.6
2005-01-22,208,32.5
2005-01-23,214,19.8
2005-01-24,216,12
2005-01-25,217,6.6
2005-01-26,204,0
2005-01-27,195,0
2005-01-28,191,17.7
2005-01-29,190,60
2005-01-30,190,54.7
2005-01-31,196,12.4
2005-02-01,197,8.5
2005-02-02,193,3
2005-02-03,191,2.3
2005-02-04,189,30.1
2005-02-05,200,15.2
2005-02-06,225,71.5
2005-02-07,240,145.8
2005-02-08,227,46.7
2005-02-09,222,101.8
2005-02-10,261,92.6
2005-02-11,265,361.5
2005-02-12,297,40.9
2005-02-13,277,65.8
2005-02-14,239,56.4
2005-02-15,220,37.1
2005-02-16,212,41
2005-02-17,225,15
2005-02-18,215,2.2
2005-02-19,205,30.3
2005-02-20,201,3
2005-02-21,200,0.2
2005-02-22,195,12.8
2005-02-23,193,0
2005-02-24,191,0
2005-02-25,189,0
2005-02-26,188,0.8
2005-02-27,189,59
2005-02-28,200,78.8
2005-03-01,200,12
2005-03-02,194,21.7
2005-03-03,195,116.6
2005-03-04,203,49
2005-03-05,203,14.2
2005-03-06,202,120
2005-03-07,202,34.2
2005-03-08,202,75.6
2005-03-09,201,175
2005-03-10,200,38.3
2005-03-11,200,105.5
2005-03-12,199,28.7
2005-03-13,198,6
2005-03-14,197,2.3
2005-03-15,195,11
2005-03-16,192,8
2005-03-17,190,98.7
2005-03-18,197,25.5
2005-03-19,197,33.5
2005-03-20,201,21.3
2005-03-21,199,3
2005-03-22,197,6.6
2005-03-23,191,33.7
2005-03-24,195,72.9
2005-03-25,227,6.1
2005-03-26,212,38.1
2005-03-27,210,33.5
2005-03-28,207,32.6
2005-03-29,204,26.7
2005-03-30,210,159.2
2005-03-31,222,5.9
2005-04-01,205,6
2005-04-02,197,16.1
2005-04-03,197,57.1
2005-04-04,229,13.2
2005-04-05,224,63.4
2005-04-06,228,35.1
2005-04-07,254,34.6
2005-04-08,301,74.6
2005-04-09,294,39
2005-04-10,273,9.4
2005-04-11,252,7.1
2005-04-12,225,5.4
2005-04-13,245,27.8
2005-04-14,271,12.4
2005-04-15,247,2
2005-04-16,249,9.7
2005-04-17,228,34.1
2005-04-18,265,1
2005-04-19,228,28
2005-04-20,213,142.3
2005-04-21,243,26.4
2005-04-22,234,59.4
2005-04-23,233,80.5
2005-04-24,253,52.3
2005-04-25,275,128.1
2005-04-26,273,140.3
2005-04-27,283,2.7
2005-04-28,255,71.6
2005-04-29,233,93.9
2005-04-30,236,28.5
2005-05-01,242,1.1
2005-05-02,220,49.7
2005-05-03,216,39.2
2005-05-04,236,33.7
2005-05-05,245,21
2005-05-06,250,9.5
2005-05-07,229,10.2
2005-05-08,215,7.9
2005-05-09,208,17.7
2005-05-10,218,11.7
2005-05-11,229,18.1
2005-05-12,253,18.3
2005-05-13,270,9.1
2005-05-14,245,19.8
2005-05-15,259,89.1
2005-05-16,330,9.6
2005-05-17,270,59.7
2005-05-18,263,102.1
2005-05-19,265,1.3
2005-05-20,232,14.3
2005-05-21,220,8.3
2005-05-22,211,37.5
2005-05-23,222,36.5
2005-05-24,213,0.3
2005-05-25,210,15.3
2005-05-26,204,37.9
2005-05-27,217,66.3
2005-05-28,241,16.2
2005-05-29,253,4.8
2005-05-30,224,65.7
2005-05-31,269,57.3
2005-06-01,294,17.5
2005-06-02,259,25.5
2005-06-03,238,13.3
2005-06-04,233,35.4
2005-06-05,274,57.5
2005-06-06,327,6.1
2005-06-07,276,4.3
2005-06-08,236,14
2005-06-09,227,5
2005-06-10,230,4.7
2005-06-11,223,7.2
2005-06-12,224,6.7
2005-06-13,215,1.6
2005-06-14,208,17.8
2005-06-15,206,4.5
2005-06-16,213,6.1
2005-06-17,209,3.9
2005-06-18,206,12.9
2005-06-19,204,9.5
2005-06-20,215,75
2005-06-21,260,10.9
2005-06-22,251,15.9
2005-06-23,242,24.8
2005-06-24,260,1
2005-06-25,240,0
2005-06-26,228,7
2005-06-27,210,0
2005-06-28,208,69.2
2005-06-29,213,39.2
2005-06-30,269,7.3
2005-07-01,250,7.6
2005-07-02,225,16.4
2005-07-03,219,1
2005-07-04,209,5.4
2005-07-05,209,28.9
2005-07-06,210,15
2005-07-07,223,36.7
2005-07-08,256,3
2005-07-09,263,0
2005-07-10,223,0
2005-07-11,208,0
2005-07-12,202,0
2005-07-13,199,0
2005-07-14,196,61.6
2005-07-15,200,9.3
2005-07-16,202,54.4
2005-07-17,241,35.3
2005-07-18,231,18.4
2005-07-19,241,28.3
2005-07-20,296,19.8
2005-07-21,298,4.5
2005-07-22,233,8.3
2005-07-23,250,1.9
2005-07-24,226,9.4
2005-07-25,234,4.3
2005-07-26,244,28.5
2005-07-27,268,30.9
2005-07-28,311,23.2
2005-07-29,299,6.9
2005-07-30,271,19.4
2005-07-31,288,13.4
2005-08-01,279,20.2
2005-08-02,254,44.9
2005-08-03,292,3.4
2005-08-04,264,17.2
2005-08-05,281,2.1
2005-08-06,242,4
2005-08-07,222,15.5
2005-08-08,228,41.6
2005-08-09,288,6.2
2005-08-10,288,15.2
2005-08-11,279,0.1
2005-08-12,273,0
2005-08-13,232,4.2
2005-08-14,224,1.4
2005-08-15,219,16.1
2005-08-16,225,14.7
2005-08-17,274,8.9
2005-08-18,254,24.5
2005-08-19,273,23.2
2005-08-20,306,3
2005-08-21,248,1.3
2005-08-22,231,191.4
2005-08-23,235,65.7
2005-08-24,254,28.6
2005-08-25,273,1
2005-08-26,237,3
2005-08-27,221,5.2
2005-08-28,213,32.4
2005-08-29,214,18.4
2005-08-30,215,46.6
2005-08-31,213,24.1
2005-09-01,219,2.1
2005-09-02,210,38.9
2005-09-03,227,0
2005-09-04,237,0
2005-09-05,218,19.9
2005-09-06,224,19.2
2005-09-07,249,11.7
2005-09-08,273,18.4
2005-09-09,259,3.2
2005-09-10,249,0.1
2005-09-11,224,7.7
2005-09-12,216,2
2005-09-13,209,18.6
2005-09-14,210,1.6
2005-09-15,209,15.4
2005-09-16,208,5.1
2005-09-17,208,1
2005-09-18,209,0
2005-09-19,209,15.7
2005-09-20,210,12
2005-09-21,210,16.9
2005-09-22,211,14.9
2005-09-23,212,50.4
2005-09-24,229,14.3
2005-09-25,224,84.1
2005-09-26,222,224.3
2005-09-27,243,78.7
2005-09-28,292,26.2
2005-09-29,285,62.3
2005-09-30,248,0
2005-10-01,226,10.6
2005-10-02,224,5.2
2005-10-03,214,24.5
2005-10-04,221,78.4
2005-10-05,227,21.7
2005-10-06,223,32.5
2005-10-07,234,11.7
2005-10-08,242,3
2005-10-09,221,4.4
2005-10-10,210,41
2005-10-11,228,70.8
2005-10-12,233,32.2
2005-10-13,216,26.5
2005-10-14,211,85.3
2005-10-15,209,12
2005-10-16,209,48.6
2005-10-17,230,35.3
2005-10-18,242,8.5
2005-10-19,231,25.2
2005-10-20,224,56.4
2005-10-21,234,39.3
2005-10-22,229,134.9
2005-10-23,237,164.4
2005-10-24,246,128.8
2005-10-25,265,33.6
2005-10-26,283,86.9
2005-10-27,246,32.3
2005-10-28,239,55.5
2005-10-29,232,16.9
2005-10-30,241,115.8
2005-10-31,244,16.1
2005-11-01,235,9.9
2005-11-02,236,11.9
2005-11-03,232,5
2005-11-04,224,14.2
2005-11-05,237,51.7
2005-11-06,231,44
2005-11-07,257,13.9
2005-11-08,253,95.8
2005-11-09,286,9.6
2005-11-10,260,19
2005-11-11,237,117.2
2005-11-12,270,231.4
2005-11-13,257,33.9
2005-11-14,264,74
2005-11-15,250,43.6
2005-11-16,235,24.4
2005-11-17,221,9.2
2005-11-18,216,2.4
2005-11-19,220,14.9
2005-11-20,231,33
2005-11-21,228,172.2
2005-11-22,282,11.4
2005-11-23,252,50.3
2005-11-24,227,2.6
2005-11-25,214,4.3
2005-11-26,215,21.9
2005-11-27,213,82
2005-11-28,213,17.5
2005-11-29,210,0
2005-11-30,204,4
2005-12-01,207,39.4
2005-12-02,222,82.3
2005-12-03,226,80.1
2005-12-04,212,52.9
2005-12-05,213,166.8
2005-12-06,261,14.8
2005-12-07,242,160.5
2005-12-08,256,111.6
2005-12-09,256,5.8
2005-12-10,228,0
2005-12-11,215,13.3
2005-12-12,218,43.2
2005-12-13,227,171.4
2005-12-14,230,25.2
2005-12-15,242,88.4
2005-12-16,250,74.1
2005-12-17,265,41.6
2005-12-18,237,104.7
2005-12-19,242,97.7
2005-12-20,265,47.2
2005-12-21,256,53.3
2005-12-22,253,90.8
2005-12-23,258,37.5
2005-12-24,256,22.2
2005-12-25,246,65.7
2005-12-26,246,38.5
2005-12-27,242,9
2005-12-28,226,0.5
2005-12-29,217,0
2005-12-30,212,0
2005-12-31,280,0
2006-01-01,240,46.3
2006-01-02,299,66.5
2006-01-03,215,76.6
2006-01-04,218,48.5
2006-01-05,212,60.5
2006-01-06,234,132
2006-01-07,294,83.7
2006-01-08,277,43.8
2006-01-09,277,32.5
2006-01-10,237,19.7
2006-01-11,228,136.4
2006-01-12,255,20.8
2006-01-13,242,0
2006-01-14,222,22.5
2006-01-15,224,107
2006-01-16,278,45.5
2006-01-17,247,46.9
2006-01-18,230,70.9
2006-01-19,225,17.6
2006-01-20,219,4
2006-01-21,221,3
2006-01-22,211,0.1
2006-01-23,208,0.6
2006-01-24,206,1
2006-01-25,204,0.6
2006-01-26,203,25.8
2006-01-27,207,72.5
2006-01-28,289,25.3
2006-01-29,240,9.7
2006-01-30,240,21.9
2006-01-31,240,49.8
2006-02-01,250,36.1
2006-02-02,258,18.9
2006-02-03,250,31.4
2006-02-04,242,131.4
2006-02-05,267,71.7
2006-02-06,272,24.5
2006-02-07,244,39.5
2006-02-08,252,29.7
2006-02-09,245,36.8
2006-02-10,237,18.4
2006-02-11,217,0
2006-02-12,211,92
2006-02-13,208,70.6
2006-02-14,220,0.5
2006-02-15,210,0
2006-02-16,204,0
2006-02-17,200,0.4
2006-02-18,198,2.9
2006-02-19,202,53.1
2006-02-20,201,37
2006-02-21,204,17.2
2006-02-22,204,7.9
2006-02-23,200,2
2006-02-24,197,5
2006-02-25,197,16.5
2006-02-26,197,15.2
2006-02-27,195,200.3
2006-02-28,225,26.3
2006-03-01,210,0
2006-03-02,200,6
2006-03-03,195,34.8
2006-03-04,200,6
2006-03-05,195,31.8
2006-03-06,198,38
2006-03-07,201,82.2
2006-03-08,247,117.6
2006-03-09,268,139.1
2006-03-10,300,27.6
2006-03-11,268,32
2006-03-12,229,156.2
2006-03-13,265,67
2006-03-14,246,173.3
2006-03-15,263,20.6
2006-03-16,246,9.7
2006-03-17,224,148.6
2006-03-18,254,120.1
2006-03-19,282,15.2
2006-03-20,247,77.9
2006-03-21,262,4
2006-03-22,241,33.5
2006-03-23,255,65
2006-03-24,246,42.1
2006-03-25,258,115.6
2006-03-26,288,13.5
2006-03-27,252,42.2
2006-03-28,260,6
2006-03-29,252,3
2006-03-30,227,6.4
2006-03-31,219,97.9
2006-04-01,223,44
2006-04-02,232,16.5
2006-04-03,219,74.4
2006-04-04,239,220.2
2006-04-05,270,102.2
2006-04-06,316,101.7
2006-04-07,300,80.3
2006-04-08,276,5.8
2006-04-09,242,56.5
2006-04-10,251,38.1
2006-04-11,244,132.3
2006-04-12,246,208.9
2006-04-13,298,61.4
2006-04-14,261,34.4
2006-04-15,250,20.9
2006-04-16,239,25.9
2006-04-17,257,35.9
2006-04-18,270,25.1
2006-04-19,261,48.2
2006-04-20,264,47.6
2006-04-21,248,18.4
2006-04-22,237,9
2006-04-23,232,65.7
2006-04-24,303,24.1
2006-04-25,279,11.2
2006-04-26,259,142.7
2006-04-27,314,99.8
2006-04-28,281,85.6
2006-04-29,261,40.5
2006-04-30,258,3
2006-05-01,279,20.1
2006-05-02,273,29.6
2006-05-03,362,5
2006-05-04,417,6
2006-05-05,278,27.5
2006-05-06,292,6.9
2006-05-07,271,89.8
2006-05-08,248,43.8
2006-05-09,238,11
2006-05-10,232,16.3
2006-05-11,228,23
2006-05-12,236,0.1
2006-05-13,231,1.3
2006-05-14,256,0
2006-05-15,271,0
2006-05-16,309,4
2006-05-17,240,0.1
2006-05-18,239,8
2006-05-19,241,0
2006-05-20,232,13.4
2006-05-21,227,69.6
2006-05-22,246,2
2006-05-23,285,20.3
2006-05-24,269,14.3
2006-05-25,273,8.4
2006-05-26,253,14.6
2006-05-27,229,22.4
2006-05-28,260,9.7
2006-05-29,264,13.7
2006-05-30,275,7.3
2006-05-31,235,12.8
2006-06-01,237,49.8
2006-06-02,279,18
2006-06-03,254,16.5
2006-06-04,233,93.9
2006-06-05,254,155.9
2006-06-06,393,77.5
2006-06-07,295,51.2
2006-06-08,284,37.4
2006-06-09,282,37.7
2006-06-10,278,128.1
2006-06-11,266,91.5
2006-06-12,283,17.8
2006-06-13,269,35.9
2006-06-14,249,5.1
2006-06-15,247,8.1
2006-06-16,247,44.6
2006-06-17,323,36
2006-06-18,368,19
2006-06-19,302,5
2006-06-20,265,4
2006-06-21,256,68.3
2006-06-22,318,90.5
2006-06-23,365,23.2
2006-06-24,288,1
2006-06-25,245,0
2006-06-26,231,10
2006-06-27,230,48.1
2006-06-28,321,16.3
2006-06-29,286,14.9
2006-06-30,277,11.2
2006-07-01,279,21.1
2006-07-02,273,42.8
2006-07-03,362,62.3
2006-07-04,412,12
2006-07-05,278,6.1
2006-07-06,292,9.6
2006-07-07,271,2
2006-07-08,248,15.8
2006-07-09,238,4.1
2006-07-10,232,3.3
2006-07-11,228,5.8
2006-07-12,236,15
2006-07-13,231,56.2
2006-07-14,256,57.1
2006-07-15,271,20
2006-07-16,294,2.2
2006-07-17,240,5.3
2006-07-18,239,4.1
2006-07-19,241,9.2
2006-07-20,232,3.6
2006-07-21,227,9.7
2006-07-22,246,44.2
2006-07-23,285,42.2
2006-07-24,269,46
2006-07-25,273,17.9
2006-07-26,253,5
2006-07-27,229,165
2006-07-28,260,29.9
2006-07-29,259,50.4
2006-07-30,275,3.3
2006-07-31,235,0
