country,1960,1961,1962,1963,1964,1965,1966,1967,1968,1969,1970,1971,1972,1973,1974,1975,1976,1977,1978,1979,1980,1981,1982,1983,1984,1985,1986,1987,1988,1989,1990,1991,1992,1993,1994,1995,1996,1997,1998,1999,2000,2001,2002,2003,2004,2005,2006,2007,2008,2009,2010,2011,2012,2013,2014,2015,2016,2017
Afghanistan,7.45,7.45,7.45,7.45,7.45,7.45,7.45,7.45,7.45,7.45,7.45,7.45,7.45,7.45,7.45,7.45,7.45,7.45,7.45,7.45,7.45,7.45,7.45,7.45,7.46,7.46,7.46,7.46,7.46,7.46,7.47,7.48,7.5,7.54,7.57,7.61,7.63,7.63,7.62,7.57,7.49,7.39,7.27,7.14,6.99,6.83,6.65,6.46,6.25,6.04,5.82,5.59,5.38,5.17,4.98,4.8,4.63,4.48
Albania,6.49,6.4,6.28,6.13,5.96,5.77,5.58,5.39,5.22,5.06,4.91,4.78,4.64,4.51,4.37,4.24,4.1,3.97,3.84,3.73,3.62,3.53,3.45,3.38,3.32,3.27,3.22,3.16,3.11,3.05,2.98,2.91,2.83,2.75,2.67,2.59,2.51,2.42,2.33,2.25,2.16,2.07,1.98,1.9,1.82,1.75,1.7,1.67,1.65,1.65,1.65,1.67,1.69,1.7,1.71,1.71,1.71,1.71
Algeria,7.52,7.57,7.61,7.65,7.67,7.67,7.68,7.67,7.67,7.66,7.64,7.62,7.6,7.56,7.5,7.43,7.34,7.23,7.11,6.96,6.79,6.62,6.43,6.24,6.04,5.83,5.63,5.41,5.19,4.96,4.73,4.48,4.22,3.96,3.7,3.45,3.21,2.99,2.8,2.63,2.51,2.44,2.4,2.41,2.44,2.5,2.58,2.66,2.75,2.83,2.89,2.92,2.94,2.92,2.89,2.84,2.78,2.71
Andorra,,,,,,,,,,,,,,,,,,,,,,,,,,,,,,,,,,,,,,,,,,,,,,,1.24,1.18,1.25,1.19,1.27,,,,,,,
Angola,7.48,7.52,7.56,7.59,7.61,7.62,7.62,7.61,7.61,7.6,7.6,7.6,7.61,7.61,7.61,7.62,7.61,7.59,7.57,7.54,7.5,7.47,7.44,7.41,7.39,7.38,7.37,7.35,7.32,7.29,7.25,7.19,7.13,7.06,6.99,6.92,6.85,6.79,6.73,6.68,6.64,6.6,6.57,6.54,6.5,6.46,6.42,6.37,6.31,6.24,6.16,6.08,6,5.92,5.84,5.77,5.69,5.62
Antigua and Barbuda,4.42,4.39,4.34,4.3,4.25,4.19,4.13,4.04,3.94,3.82,3.68,3.52,3.33,3.12,2.91,2.7,2.51,2.36,2.24,2.16,2.12,2.1,2.1,2.1,2.1,2.09,2.08,2.07,2.06,2.06,2.06,2.07,2.1,2.13,2.17,2.21,2.25,2.28,2.3,2.32,2.32,2.31,2.29,2.27,2.25,2.22,2.2,2.18,2.16,2.15,2.13,2.12,2.1,2.09,2.08,2.06,2.05,2.04
Argentina,3.11,3.1,3.09,3.08,3.07,3.06,3.05,3.05,3.05,3.06,3.07,3.1,3.15,3.2,3.26,3.32,3.37,3.39,3.39,3.37,3.33,3.27,3.21,3.16,3.12,3.09,3.07,3.06,3.04,3.02,2.99,2.95,2.91,2.87,2.81,2.76,2.71,2.66,2.62,2.59,2.56,2.54,2.52,2.5,2.47,2.45,2.43,2.41,2.4,2.38,2.37,2.36,2.35,2.33,2.32,2.31,2.29,2.28
Armenia,4.79,4.67,4.52,4.34,4.15,3.95,3.76,3.58,3.43,3.3,3.2,3.11,3.04,2.96,2.88,2.79,2.71,2.64,2.58,2.54,2.51,2.5,2.5,2.52,2.54,2.56,2.58,2.59,2.59,2.58,2.54,2.48,2.4,2.3,2.18,2.06,1.94,1.83,1.75,1.69,1.65,1.64,1.64,1.65,1.67,1.68,1.69,1.7,1.71,1.7,1.69,1.68,1.66,1.65,1.63,1.62,1.61,1.6
Australia,3.45,3.54,3.44,3.33,3.15,2.98,2.88,2.85,2.89,2.89,2.86,2.96,2.74,2.49,2.4,2.15,2.06,2.01,1.95,1.91,1.89,1.94,1.93,1.92,1.84,1.92,1.87,1.84,1.83,1.84,1.9,1.85,1.89,1.86,1.84,1.82,1.8,1.78,1.76,1.75,1.76,1.74,1.76,1.75,1.77,1.81,1.91,1.96,1.98,1.97,1.93,1.93,1.92,1.85,1.83,1.81,1.75,1.77
Austria,2.69,2.78,2.8,2.82,2.79,2.7,2.66,2.62,2.58,2.49,2.29,2.2,2.08,1.94,1.91,1.83,1.69,1.63,1.6,1.6,1.65,1.67,1.66,1.56,1.52,1.47,1.45,1.43,1.45,1.45,1.46,1.51,1.51,1.5,1.47,1.42,1.45,1.39,1.37,1.34,1.36,1.33,1.39,1.38,1.42,1.41,1.41,1.38,1.42,1.39,1.44,1.43,1.44,1.44,1.46,1.49,1.53,1.53
Azerbaijan,5.88,5.94,5.96,5.95,5.89,5.79,5.66,5.51,5.35,5.18,5.02,4.85,4.68,4.51,4.34,4.18,4.02,3.87,3.73,3.6,3.5,3.41,3.34,3.29,3.26,2.91,2.9,2.9,2.8,2.8,2.74,2.87,2.74,2.7,2.52,2.29,2.06,2.07,2,2.07,2,1.8,1.8,1.9,2.05,2,1.97,1.97,1.9,1.82,1.92,1.96,2,1.98,1.97,1.94,1.9,1.9
Bahamas,4.5,4.5,4.45,4.36,4.22,4.06,3.89,3.75,3.64,3.57,3.53,3.5,3.47,3.41,3.33,3.23,3.14,3.06,3.01,2.99,2.99,2.99,2.99,2.96,2.92,2.86,2.79,2.73,2.68,2.65,2.64,2.63,2.62,2.6,2.57,2.51,2.44,2.36,2.26,2.17,2.07,1.99,1.93,1.89,1.86,1.86,1.86,1.87,1.88,1.88,1.86,1.85,1.83,1.81,1.79,1.78,1.77,1.76
Bahrain,7.09,7.13,7.16,7.18,7.19,7.16,7.1,7,6.86,6.69,6.5,6.3,6.09,5.9,5.72,5.56,5.42,5.29,5.16,5.04,4.92,4.8,4.69,4.58,4.47,4.36,4.25,4.12,4,3.87,3.73,3.6,3.47,3.35,3.24,3.15,3.06,2.99,2.92,2.86,2.79,2.73,2.66,2.59,2.51,2.44,2.36,2.3,2.24,2.2,2.16,2.14,2.12,2.1,2.08,2.06,2.03,2.01
Bangladesh,6.72,6.76,6.79,6.83,6.85,6.88,6.9,6.92,6.94,6.95,6.95,6.94,6.93,6.9,6.87,6.82,6.76,6.68,6.59,6.48,6.36,6.22,6.06,5.88,5.7,5.5,5.3,5.09,4.89,4.69,4.49,4.31,4.15,3.99,3.85,3.71,3.59,3.48,3.37,3.27,3.17,3.07,2.97,2.88,2.78,2.69,2.6,2.52,2.45,2.38,2.33,2.28,2.24,2.2,2.17,2.13,2.1,2.08
Barbados,4.33,4.31,4.27,4.2,4.09,3.96,3.81,3.64,3.46,3.28,3.11,2.95,2.79,2.65,2.51,2.39,2.29,2.2,2.12,2.06,2,1.96,1.92,1.89,1.86,1.83,1.81,1.78,1.77,1.75,1.74,1.73,1.73,1.73,1.73,1.73,1.73,1.74,1.74,1.74,1.74,1.75,1.75,1.75,1.75,1.76,1.76,1.77,1.77,1.78,1.78,1.79,1.79,1.79,1.79,1.8,1.8,1.8
Belarus,2.67,2.59,2.5,2.4,2.31,2.27,2.29,2.26,2.22,2.26,2.31,2.31,2.28,2.25,2.21,2.17,2.12,2.08,2.06,2.05,2.03,2.02,2.05,2.11,2.11,2.09,2.09,2.03,2.03,2.03,1.91,1.81,1.76,1.62,1.53,1.41,1.33,1.25,1.3,1.31,1.32,1.29,1.24,1.23,1.23,1.25,1.33,1.43,1.49,1.51,1.49,1.52,1.62,1.67,1.7,1.72,1.73,1.54
Belgium,2.54,2.63,2.59,2.68,2.71,2.61,2.52,2.41,2.31,2.27,2.25,2.21,2.09,1.95,1.83,1.74,1.73,1.71,1.69,1.69,1.68,1.66,1.61,1.57,1.54,1.51,1.54,1.54,1.57,1.58,1.62,1.66,1.65,1.61,1.56,1.56,1.59,1.6,1.6,1.62,1.67,1.67,1.65,1.67,1.72,1.76,1.8,1.82,1.85,1.84,1.86,1.81,1.8,1.76,1.74,1.7,1.68,1.68
Belize,6.5,6.48,6.46,6.44,6.42,6.4,6.38,6.36,6.34,6.32,6.3,6.29,6.28,6.29,6.29,6.28,6.25,6.2,6.11,5.99,5.85,5.68,5.51,5.34,5.17,5.02,4.89,4.77,4.67,4.58,4.51,4.44,4.36,4.29,4.2,4.11,4.01,3.91,3.81,3.7,3.6,3.5,3.39,3.28,3.17,3.07,2.98,2.89,2.82,2.76,2.71,2.68,2.64,2.61,2.58,2.54,2.51,2.48
Benin,6.28,6.34,6.39,6.45,6.5,6.54,6.59,6.63,6.67,6.71,6.75,6.79,6.82,6.86,6.9,6.93,6.96,6.98,7,7.02,7.03,7.03,7.02,7.01,6.99,6.97,6.94,6.9,6.86,6.8,6.74,6.68,6.6,6.53,6.45,6.36,6.28,6.2,6.12,6.04,5.96,5.89,5.82,5.75,5.69,5.63,5.58,5.52,5.47,5.42,5.36,5.3,5.25,5.18,5.12,5.05,4.98,4.91
Bhutan,6.67,6.67,6.67,6.67,6.67,6.67,6.67,6.67,6.67,6.67,6.67,6.67,6.68,6.69,6.69,6.69,6.69,6.67,6.64,6.6,6.55,6.5,6.46,6.41,6.36,6.31,6.23,6.13,5.99,5.83,5.64,5.43,5.22,5,4.8,4.6,4.4,4.2,4,3.8,3.6,3.42,3.24,3.09,2.95,2.84,2.73,2.64,2.55,2.46,2.38,2.31,2.24,2.18,2.13,2.09,2.05,2.02
Bolivia,6.7,6.67,6.63,6.6,6.56,6.52,6.48,6.43,6.38,6.33,6.28,6.23,6.18,6.13,6.08,6.03,5.97,5.92,5.86,5.79,5.71,5.64,5.56,5.47,5.39,5.3,5.21,5.13,5.05,4.97,4.89,4.82,4.74,4.66,4.58,4.5,4.42,4.33,4.24,4.15,4.05,3.96,3.87,3.77,3.68,3.59,3.51,3.43,3.35,3.27,3.2,3.13,3.07,3.02,2.97,2.92,2.88,2.84
Bosnia and Herzegovina,3.8,3.74,3.68,3.6,3.52,3.42,3.31,3.21,3.11,3.02,2.93,2.84,2.76,2.67,2.58,2.49,2.4,2.32,2.24,2.18,2.12,2.08,2.03,2,1.96,1.93,1.9,1.87,1.83,1.8,1.77,1.75,1.73,1.72,1.71,1.71,1.69,1.66,1.62,1.56,1.5,1.43,1.37,1.33,1.3,1.29,1.29,1.29,1.3,1.3,1.31,1.31,1.31,1.32,1.33,1.34,1.36,1.38
Botswana,6.62,6.63,6.65,6.67,6.68,6.69,6.7,6.7,6.69,6.67,6.64,6.62,6.58,6.55,6.51,6.47,6.43,6.39,6.34,6.29,6.21,6.11,5.98,5.83,5.64,5.45,5.24,5.04,4.85,4.69,4.54,4.41,4.29,4.18,4.06,3.95,3.84,3.72,3.61,3.49,3.39,3.29,3.19,3.11,3.04,2.99,2.95,2.92,2.9,2.89,2.88,2.88,2.86,2.84,2.81,2.77,2.73,2.68
Brazil,6.07,6.05,6,5.94,5.85,5.73,5.6,5.45,5.3,5.15,5.01,4.88,4.76,4.65,4.55,4.46,4.38,4.31,4.24,4.16,4.07,3.97,3.86,3.74,3.62,3.49,3.36,3.23,3.11,3,2.91,2.83,2.76,2.69,2.64,2.59,2.54,2.48,2.43,2.37,2.3,2.23,2.16,2.1,2.03,1.98,1.93,1.88,1.85,1.82,1.81,1.79,1.78,1.77,1.75,1.74,1.73,1.71
Brunei,6.84,6.77,6.68,6.57,6.44,6.3,6.16,6.03,5.91,5.81,5.72,5.62,5.5,5.36,5.18,4.99,4.78,4.58,4.39,4.22,4.07,3.94,3.84,3.75,3.67,3.61,3.55,3.49,3.43,3.36,3.29,3.21,3.12,3.02,2.91,2.8,2.69,2.56,2.44,2.33,2.22,2.12,2.03,1.95,1.89,1.85,1.82,1.81,1.81,1.82,1.84,1.86,1.87,1.88,1.89,1.88,1.87,1.86
Bulgaria,2.31,2.29,2.24,2.21,2.19,2.09,2.03,2.02,2.27,2.27,2.17,2.1,2.03,2.15,2.29,2.23,2.24,2.21,2.15,2.16,2.05,2,2.01,2.01,2.01,1.97,2.02,1.96,1.97,1.9,1.82,1.66,1.55,1.46,1.37,1.23,1.23,1.09,1.11,1.23,1.26,1.21,1.23,1.26,1.33,1.37,1.44,1.49,1.56,1.66,1.57,1.51,1.5,1.48,1.53,1.53,1.54,1.54
Burkina Faso,6.29,6.32,6.34,6.38,6.41,6.45,6.49,6.53,6.56,6.59,6.62,6.66,6.7,6.74,6.8,6.86,6.92,6.98,7.04,7.09,7.13,7.15,7.17,7.17,7.16,7.14,7.12,7.09,7.06,7.04,7.01,6.98,6.95,6.92,6.88,6.84,6.8,6.75,6.7,6.65,6.59,6.53,6.47,6.4,6.33,6.26,6.19,6.12,6.04,5.95,5.87,5.78,5.69,5.61,5.52,5.44,5.35,5.27
Burundi,6.95,7,7.05,7.09,7.14,7.18,7.22,7.25,7.26,7.28,7.29,7.3,7.31,7.33,7.35,7.37,7.39,7.41,7.42,7.42,7.42,7.42,7.42,7.44,7.46,7.49,7.51,7.53,7.53,7.53,7.5,7.47,7.43,7.39,7.34,7.29,7.24,7.18,7.13,7.07,7.01,6.95,6.89,6.82,6.76,6.69,6.62,6.53,6.45,6.35,6.26,6.16,6.06,5.96,5.87,5.78,5.7,5.62
Cambodia,6.97,6.96,6.96,6.94,6.91,6.87,6.81,6.75,6.67,6.57,6.46,6.33,6.17,6,5.83,5.68,5.58,5.56,5.6,5.71,5.87,6.04,6.19,6.3,6.34,6.31,6.23,6.1,5.94,5.78,5.6,5.42,5.24,5.05,4.87,4.69,4.5,4.33,4.15,3.97,3.81,3.65,3.52,3.41,3.31,3.23,3.15,3.09,3.02,2.95,2.88,2.81,2.74,2.68,2.63,2.59,2.56,2.53
Cameroon,5.65,5.71,5.77,5.83,5.89,5.95,6,6.06,6.11,6.16,6.2,6.25,6.29,6.33,6.37,6.41,6.45,6.49,6.54,6.58,6.63,6.66,6.69,6.7,6.71,6.7,6.67,6.63,6.57,6.51,6.44,6.35,6.26,6.17,6.07,5.98,5.89,5.8,5.72,5.64,5.58,5.52,5.47,5.43,5.39,5.35,5.31,5.27,5.22,5.17,5.11,5.05,4.98,4.92,4.85,4.78,4.71,4.64
Canada,3.81,3.75,3.68,3.61,3.46,3.12,2.75,2.53,2.39,2.33,2.26,2.14,1.98,1.89,1.84,1.82,1.8,1.78,1.77,1.75,1.74,1.7,1.69,1.68,1.65,1.67,1.68,1.68,1.68,1.77,1.83,1.7,1.71,1.7,1.67,1.64,1.59,1.55,1.53,1.51,1.49,1.51,1.5,1.53,1.53,1.54,1.59,1.66,1.68,1.67,1.63,1.61,1.61,1.59,1.58,1.56,1.54,1.5
Cape Verde,6.88,6.92,6.95,6.98,6.99,6.99,6.99,6.98,6.97,6.95,6.94,6.91,6.89,6.86,6.82,6.77,6.71,6.64,6.56,6.47,6.38,6.27,6.17,6.08,5.98,5.88,5.78,5.68,5.56,5.44,5.31,5.16,5.01,4.86,4.7,4.54,4.38,4.22,4.07,3.91,3.76,3.62,3.48,3.36,3.24,3.13,3.02,2.92,2.83,2.75,2.67,2.59,2.53,2.47,2.42,2.37,2.33,2.3
Central African Republic,5.84,5.87,5.89,5.91,5.92,5.94,5.95,5.95,5.95,5.95,5.95,5.95,5.95,5.95,5.95,5.95,5.95,5.95,5.95,5.95,5.95,5.96,5.96,5.95,5.95,5.94,5.93,5.91,5.88,5.84,5.81,5.77,5.73,5.69,5.65,5.62,5.59,5.56,5.54,5.52,5.5,5.48,5.46,5.44,5.41,5.38,5.35,5.32,5.29,5.25,5.21,5.17,5.12,5.07,5.01,4.94,4.87,4.8
Chad,6.25,6.27,6.29,6.3,6.32,6.34,6.36,6.39,6.43,6.48,6.53,6.58,6.64,6.69,6.74,6.78,6.82,6.86,6.89,6.92,6.96,6.99,7.02,7.06,7.09,7.12,7.16,7.2,7.24,7.28,7.31,7.35,7.38,7.4,7.42,7.42,7.43,7.42,7.41,7.38,7.35,7.32,7.27,7.21,7.15,7.07,6.99,6.9,6.8,6.7,6.59,6.48,6.37,6.26,6.16,6.05,5.95,5.85
Chile,5.1,5.05,5,4.93,4.84,4.75,4.63,4.5,4.35,4.19,4.02,3.84,3.67,3.51,3.35,3.21,3.1,2.99,2.91,2.83,2.78,2.74,2.71,2.69,2.68,2.67,2.65,2.64,2.61,2.58,2.55,2.5,2.46,2.41,2.36,2.31,2.27,2.23,2.18,2.14,2.11,2.07,2.05,2.02,2,1.98,1.96,1.94,1.93,1.9,1.88,1.86,1.83,1.81,1.8,1.79,1.77,1.77
China,5.75,5.92,6.09,6.24,6.35,6.4,6.38,6.29,6.13,5.92,5.65,5.32,4.96,4.57,4.18,3.81,3.47,3.18,2.94,2.75,2.63,2.57,2.56,2.58,2.62,2.66,2.67,2.65,2.59,2.49,2.35,2.19,2.02,1.87,1.74,1.64,1.57,1.53,1.5,1.49,1.5,1.51,1.52,1.54,1.55,1.56,1.57,1.58,1.58,1.59,1.59,1.59,1.6,1.6,1.61,1.62,1.62,1.63
Colombia,6.81,6.8,6.78,6.74,6.67,6.57,6.42,6.25,6.03,5.8,5.55,5.3,5.07,4.86,4.67,4.52,4.4,4.28,4.18,4.07,3.96,3.85,3.74,3.63,3.53,3.42,3.32,3.23,3.14,3.06,2.99,2.93,2.86,2.79,2.73,2.66,2.6,2.54,2.48,2.43,2.39,2.35,2.31,2.27,2.24,2.2,2.16,2.12,2.08,2.04,2.01,1.98,1.95,1.92,1.9,1.87,1.85,1.83
Comoros,6.79,6.85,6.9,6.94,6.97,7,7.03,7.04,7.05,7.06,7.06,7.06,7.06,7.05,7.05,7.05,7.05,7.06,7.07,7.08,7.08,7.07,7.06,7.03,6.98,6.92,6.84,6.75,6.64,6.53,6.41,6.29,6.17,6.05,5.94,5.83,5.74,5.64,5.55,5.47,5.38,5.31,5.24,5.17,5.1,5.04,4.98,4.93,4.87,4.81,4.75,4.69,4.63,4.56,4.49,4.42,4.35,4.28
"Congo, Dem. Rep.",6,6.01,6.03,6.05,6.07,6.09,6.11,6.13,6.16,6.19,6.21,6.24,6.28,6.31,6.34,6.38,6.41,6.44,6.48,6.51,6.54,6.56,6.59,6.61,6.64,6.66,6.68,6.7,6.72,6.73,6.75,6.76,6.77,6.77,6.78,6.78,6.78,6.77,6.77,6.76,6.75,6.74,6.73,6.72,6.71,6.69,6.67,6.65,6.62,6.59,6.54,6.49,6.43,6.36,6.29,6.2,6.11,6.02
"Congo, Rep.",5.88,5.92,5.96,6.01,6.05,6.09,6.14,6.18,6.22,6.25,6.29,6.32,6.35,6.37,6.38,6.39,6.38,6.36,6.32,6.27,6.21,6.13,6.05,5.96,5.87,5.77,5.68,5.59,5.5,5.42,5.35,5.29,5.24,5.2,5.17,5.14,5.13,5.12,5.11,5.11,5.1,5.09,5.08,5.07,5.05,5.04,5.03,5.01,5,4.97,4.95,4.92,4.88,4.83,4.78,4.72,4.66,4.6
Costa Rica,6.45,6.41,6.32,6.2,6.04,5.85,5.63,5.38,5.12,4.86,4.61,4.38,4.19,4.03,3.9,3.81,3.74,3.69,3.66,3.62,3.59,3.55,3.52,3.48,3.45,3.41,3.37,3.33,3.28,3.23,3.17,3.11,3.04,2.97,2.9,2.82,2.74,2.65,2.56,2.46,2.37,2.29,2.22,2.15,2.1,2.06,2.03,2.01,1.98,1.95,1.92,1.89,1.87,1.84,1.82,1.8,1.78,1.77
Cote d'Ivoire,7.69,7.72,7.75,7.78,7.81,7.84,7.87,7.89,7.91,7.93,7.94,7.94,7.94,7.94,7.93,7.91,7.88,7.83,7.76,7.68,7.59,7.49,7.38,7.28,7.18,7.08,6.98,6.89,6.8,6.71,6.62,6.54,6.45,6.37,6.3,6.22,6.15,6.08,6.01,5.93,5.86,5.79,5.72,5.65,5.59,5.53,5.48,5.42,5.37,5.32,5.27,5.22,5.16,5.1,5.04,4.98,4.91,4.85
Croatia,2.29,2.25,2.22,2.18,2.14,2.1,2.06,2.03,2.01,1.99,1.98,1.97,1.97,1.96,1.95,1.94,1.93,1.91,1.9,1.9,1.89,1.88,1.9,1.88,1.87,1.82,1.76,1.64,1.79,1.63,1.63,1.53,1.48,1.52,1.47,1.58,1.67,1.69,1.45,1.38,1.39,1.46,1.42,1.41,1.43,1.5,1.47,1.48,1.55,1.58,1.55,1.48,1.51,1.46,1.46,1.4,1.42,1.42
Cuba,4.18,4.36,4.51,4.61,4.64,4.62,4.54,4.43,4.31,4.18,4.03,3.86,3.65,3.4,3.13,2.84,2.57,2.33,2.13,1.99,1.89,1.84,1.83,1.82,1.83,1.84,1.84,1.83,1.81,1.78,1.75,1.71,1.68,1.66,1.65,1.64,1.64,1.63,1.63,1.63,1.62,1.61,1.59,1.58,1.57,1.57,1.57,1.58,1.6,1.62,1.64,1.66,1.69,1.7,1.71,1.72,1.72,1.72
Cyprus,3.5,3.47,3.42,3.35,3.25,3.13,3.01,2.89,2.78,2.69,2.61,2.55,2.49,2.44,2.39,2.35,2.32,2.31,2.31,2.33,2.35,2.38,2.42,2.44,2.45,2.46,2.46,2.45,2.44,2.43,2.41,2.38,2.34,2.28,2.21,2.12,2.04,1.95,1.86,1.78,1.72,1.66,1.61,1.58,1.54,1.52,1.5,1.48,1.46,1.44,1.42,1.41,1.39,1.37,1.36,1.35,1.34,1.34
Czech Republic,2.09,2.11,2.12,2.31,2.34,2.18,2.02,1.91,1.84,1.87,1.92,2,2.09,2.31,2.46,2.43,2.39,2.34,2.33,2.27,2.08,2,2,1.97,1.97,1.95,1.92,1.91,1.94,1.87,1.9,1.86,1.71,1.67,1.44,1.28,1.18,1.17,1.16,1.13,1.15,1.15,1.17,1.18,1.23,1.29,1.34,1.45,1.51,1.51,1.51,1.43,1.45,1.46,1.53,1.57,1.63,1.63
Denmark,2.57,2.55,2.55,2.67,2.6,2.61,2.62,2.35,2.12,2,1.95,2.04,2.03,1.92,1.9,1.92,1.75,1.66,1.67,1.6,1.55,1.44,1.43,1.38,1.4,1.45,1.48,1.5,1.56,1.62,1.67,1.68,1.76,1.75,1.81,1.8,1.75,1.75,1.72,1.73,1.77,1.74,1.72,1.76,1.78,1.8,1.85,1.84,1.89,1.84,1.87,1.75,1.73,1.67,1.69,1.71,1.79,1.79
Djibouti,6.46,6.49,6.53,6.56,6.59,6.63,6.67,6.7,6.74,6.77,6.8,6.82,6.83,6.82,6.8,6.77,6.73,6.69,6.64,6.6,6.55,6.51,6.47,6.43,6.38,6.33,6.28,6.23,6.19,6.14,6.07,5.99,5.87,5.72,5.55,5.35,5.15,4.96,4.78,4.62,4.48,4.36,4.24,4.12,3.99,3.87,3.74,3.62,3.5,3.4,3.3,3.21,3.13,3.06,2.98,2.91,2.85,2.79
Dominica,,,,,,,,,,,,,5.5,,,,,,,,,,3.52,,,,,3,,,,,2.5,,,,,1.9,,,,,1.9,1.9,,,,,,,,,,,,,,
Dominican Republic,7.55,7.49,7.4,7.3,7.19,7.05,6.9,6.74,6.56,6.38,6.18,5.98,5.78,5.58,5.38,5.19,5.01,4.85,4.69,4.55,4.42,4.3,4.19,4.08,3.98,3.88,3.78,3.69,3.61,3.54,3.46,3.4,3.33,3.26,3.19,3.13,3.07,3.01,2.97,2.93,2.89,2.86,2.83,2.81,2.78,2.75,2.72,2.69,2.66,2.63,2.6,2.57,2.54,2.51,2.48,2.45,2.42,2.39
Ecuador,6.72,6.7,6.68,6.65,6.61,6.56,6.51,6.44,6.35,6.25,6.14,6.01,5.87,5.73,5.58,5.43,5.28,5.13,4.99,4.85,4.73,4.61,4.5,4.4,4.3,4.21,4.12,4.03,3.94,3.86,3.77,3.68,3.59,3.51,3.44,3.36,3.29,3.23,3.16,3.09,3.03,2.97,2.91,2.87,2.83,2.79,2.76,2.74,2.71,2.68,2.66,2.63,2.6,2.57,2.54,2.51,2.49,2.46
Egypt,6.72,6.7,6.67,6.65,6.62,6.58,6.53,6.47,6.4,6.32,6.23,6.14,6.06,5.97,5.9,5.83,5.78,5.73,5.68,5.64,5.6,5.56,5.53,5.49,5.44,5.38,5.29,5.18,5.03,4.86,4.66,4.46,4.25,4.05,3.87,3.71,3.57,3.46,3.37,3.29,3.23,3.18,3.13,3.09,3.05,3.02,3,3.02,3.06,3.11,3.19,3.25,3.31,3.33,3.34,3.31,3.27,3.21
El Salvador,6.67,6.68,6.67,6.64,6.61,6.55,6.49,6.42,6.34,6.25,6.17,6.09,6,5.91,5.82,5.72,5.61,5.49,5.37,5.24,5.1,4.96,4.82,4.68,4.55,4.43,4.32,4.22,4.13,4.04,3.96,3.89,3.81,3.74,3.66,3.58,3.48,3.38,3.26,3.14,3.02,2.9,2.79,2.69,2.6,2.53,2.46,2.41,2.36,2.31,2.27,2.22,2.19,2.15,2.13,2.1,2.08,2.06
Equatorial Guinea,5.65,5.66,5.67,5.69,5.71,5.73,5.76,5.78,5.79,5.8,5.81,5.81,5.8,5.8,5.79,5.79,5.79,5.79,5.8,5.82,5.83,5.86,5.88,5.9,5.93,5.95,5.96,5.97,5.98,5.99,5.99,5.99,5.98,5.98,5.98,5.97,5.96,5.94,5.91,5.88,5.83,5.79,5.73,5.67,5.62,5.56,5.5,5.43,5.36,5.29,5.21,5.13,5.04,4.95,4.86,4.78,4.69,4.6
Eritrea,6.9,6.87,6.84,6.81,6.78,6.75,6.73,6.71,6.69,6.67,6.65,6.64,6.62,6.62,6.61,6.61,6.61,6.63,6.64,6.66,6.67,6.69,6.69,6.68,6.67,6.64,6.6,6.55,6.5,6.45,6.39,6.32,6.23,6.14,6.03,5.91,5.79,5.67,5.55,5.43,5.33,5.23,5.15,5.07,5,4.94,4.88,4.82,4.75,4.68,4.61,4.53,4.44,4.36,4.29,4.21,4.13,4.06
Estonia,1.98,1.98,1.95,1.89,1.94,1.88,1.87,1.9,2.03,2.13,2.17,2.19,2.13,2.06,2.07,2.04,2.07,2.06,2.02,2,2.02,2.07,2.07,2.16,2.17,2.13,2.18,2.27,2.27,2.22,2.05,1.8,1.71,1.49,1.42,1.38,1.37,1.32,1.28,1.3,1.36,1.32,1.36,1.37,1.47,1.52,1.58,1.69,1.72,1.7,1.72,1.61,1.56,1.52,1.54,1.58,1.6,1.6
Ethiopia,6.88,6.88,6.88,6.87,6.87,6.86,6.87,6.88,6.9,6.94,6.98,7.02,7.06,7.09,7.12,7.14,7.17,7.2,7.23,7.27,7.32,7.36,7.4,7.42,7.44,7.43,7.42,7.39,7.35,7.3,7.25,7.19,7.14,7.09,7.05,7,6.94,6.86,6.77,6.66,6.53,6.38,6.22,6.04,5.87,5.69,5.52,5.36,5.2,5.06,4.92,4.8,4.68,4.56,4.44,4.32,4.2,4.08
Fiji,6.46,6.28,6.08,5.88,5.68,5.47,5.28,5.08,4.89,4.71,4.54,4.4,4.28,4.18,4.11,4.05,4.02,3.99,3.97,3.94,3.91,3.86,3.81,3.75,3.69,3.63,3.57,3.51,3.46,3.43,3.4,3.37,3.35,3.33,3.31,3.28,3.24,3.21,3.17,3.13,3.09,3.05,3,2.95,2.91,2.86,2.82,2.77,2.73,2.7,2.67,2.64,2.62,2.59,2.56,2.54,2.52,2.49
Finland,2.72,2.72,2.68,2.68,2.59,2.48,2.41,2.32,2.14,1.93,1.83,1.68,1.58,1.49,1.61,1.68,1.7,1.68,1.64,1.64,1.63,1.64,1.71,1.74,1.69,1.64,1.6,1.59,1.69,1.71,1.78,1.79,1.85,1.81,1.85,1.81,1.76,1.75,1.7,1.73,1.73,1.73,1.72,1.76,1.8,1.8,1.84,1.83,1.85,1.86,1.87,1.83,1.8,1.75,1.71,1.65,1.57,1.57
France,2.85,2.87,2.89,2.89,2.87,2.84,2.8,2.75,2.69,2.62,2.55,2.47,2.38,2.28,2.18,2.09,2.01,1.94,1.89,1.87,1.85,1.85,1.86,1.86,1.86,1.86,1.85,1.83,1.81,1.79,1.77,1.75,1.74,1.73,1.73,1.74,1.75,1.77,1.78,1.81,1.89,1.9,1.88,1.89,1.92,1.94,2,1.98,2.01,2,2.03,2.01,2.01,1.99,2.01,1.96,1.92,1.92
Gabon,4.38,4.46,4.54,4.62,4.69,4.77,4.83,4.9,4.96,5.02,5.08,5.14,5.21,5.28,5.34,5.41,5.48,5.54,5.6,5.65,5.68,5.71,5.72,5.72,5.71,5.69,5.65,5.61,5.55,5.49,5.42,5.34,5.26,5.18,5.09,5,4.9,4.81,4.72,4.63,4.54,4.46,4.39,4.33,4.27,4.23,4.19,4.16,4.14,4.11,4.08,4.05,4.01,3.96,3.91,3.85,3.79,3.72
Gambia,5.57,5.62,5.67,5.72,5.78,5.83,5.88,5.94,5.99,6.04,6.09,6.14,6.18,6.23,6.26,6.29,6.32,6.33,6.34,6.34,6.34,6.32,6.3,6.28,6.25,6.22,6.19,6.16,6.14,6.12,6.11,6.09,6.08,6.07,6.05,6.04,6.02,6,5.98,5.97,5.95,5.93,5.91,5.88,5.86,5.83,5.81,5.79,5.76,5.74,5.71,5.68,5.64,5.59,5.54,5.49,5.42,5.36
Georgia,2.94,2.94,2.94,2.92,2.91,2.88,2.85,2.82,2.79,2.75,2.71,2.67,2.62,2.58,2.53,2.49,2.45,2.41,2.37,2.34,2.31,2.3,2.28,2.28,2.27,2.27,2.27,2.26,2.24,2.22,2.18,2.13,2.08,2.01,1.95,1.88,1.81,1.75,1.69,1.64,1.61,1.59,1.59,1.6,1.63,1.66,1.71,1.77,1.82,1.87,1.92,1.95,1.98,2,2,2,2,1.99
Germany,2.37,2.45,2.44,2.51,2.54,2.5,2.53,2.48,2.38,2.21,2.03,1.92,1.71,1.54,1.51,1.45,1.45,1.4,1.38,1.38,1.44,1.43,1.41,1.33,1.29,1.37,1.43,1.43,1.46,1.42,1.45,1.33,1.29,1.28,1.24,1.25,1.3,1.35,1.36,1.36,1.38,1.35,1.34,1.34,1.36,1.34,1.33,1.37,1.38,1.36,1.39,1.39,1.41,1.42,1.47,1.5,1.59,1.57
Ghana,6.75,6.79,6.83,6.86,6.89,6.92,6.94,6.95,6.96,6.96,6.95,6.94,6.92,6.89,6.86,6.81,6.77,6.72,6.67,6.61,6.54,6.47,6.39,6.31,6.22,6.13,6.03,5.93,5.82,5.71,5.6,5.5,5.4,5.32,5.24,5.17,5.1,5.04,4.97,4.9,4.83,4.75,4.68,4.61,4.55,4.49,4.44,4.39,4.35,4.31,4.27,4.23,4.19,4.15,4.1,4.04,3.98,3.93
Greece,2.23,2.13,2.16,2.14,2.24,2.25,2.32,2.45,2.42,2.36,2.4,2.32,2.32,2.27,2.38,2.33,2.35,2.27,2.28,2.26,2.23,2.09,2.03,1.94,1.83,1.67,1.6,1.5,1.5,1.4,1.39,1.37,1.36,1.32,1.33,1.28,1.26,1.27,1.24,1.23,1.25,1.25,1.28,1.29,1.31,1.34,1.4,1.41,1.5,1.5,1.48,1.4,1.34,1.29,1.3,1.33,1.38,1.38
Grenada,6.74,6.63,6.44,6.2,5.91,5.6,5.3,5.04,4.83,4.69,4.6,4.56,4.54,4.51,4.48,4.44,4.38,4.34,4.3,4.27,4.25,4.24,4.24,4.25,4.24,4.23,4.2,4.15,4.07,3.97,3.84,3.7,3.55,3.4,3.25,3.12,2.99,2.87,2.76,2.67,2.58,2.51,2.46,2.41,2.37,2.34,2.32,2.3,2.28,2.26,2.24,2.22,2.19,2.17,2.15,2.13,2.1,2.08
Guatemala,6.9,6.86,6.82,6.79,6.77,6.74,6.72,6.71,6.69,6.66,6.64,6.62,6.6,6.58,6.56,6.54,6.51,6.48,6.44,6.4,6.34,6.27,6.18,6.09,5.98,5.87,5.76,5.66,5.57,5.5,5.44,5.38,5.32,5.25,5.17,5.09,4.99,4.89,4.8,4.7,4.6,4.49,4.37,4.25,4.11,3.97,3.83,3.7,3.58,3.47,3.38,3.29,3.22,3.15,3.09,3.03,2.97,2.92
Guinea,6.11,6.13,6.14,6.15,6.15,6.16,6.17,6.18,6.19,6.21,6.22,6.25,6.28,6.31,6.34,6.37,6.4,6.44,6.47,6.5,6.53,6.56,6.58,6.6,6.62,6.63,6.64,6.64,6.63,6.62,6.6,6.57,6.54,6.49,6.44,6.39,6.33,6.27,6.21,6.15,6.08,6.01,5.95,5.88,5.8,5.73,5.65,5.58,5.5,5.42,5.34,5.26,5.17,5.09,5.01,4.93,4.86,4.78
Guinea-Bissau,5.92,5.93,5.94,5.95,5.96,5.97,5.98,5.99,6.01,6.02,6.04,6.06,6.08,6.1,6.12,6.15,6.19,6.25,6.32,6.4,6.49,6.57,6.64,6.69,6.73,6.74,6.73,6.72,6.69,6.66,6.63,6.58,6.53,6.46,6.38,6.29,6.2,6.11,6.01,5.91,5.82,5.73,5.64,5.55,5.47,5.39,5.31,5.24,5.17,5.11,5.05,4.99,4.92,4.86,4.78,4.71,4.63,4.56
Guyana,6.37,6.3,6.23,6.14,6.05,5.96,5.86,5.76,5.64,5.52,5.38,5.23,5.06,4.88,4.69,4.5,4.33,4.17,4.03,3.92,3.82,3.73,3.64,3.55,3.45,3.35,3.26,3.19,3.13,3.09,3.07,3.06,3.07,3.07,3.07,3.07,3.07,3.06,3.05,3.04,3.02,2.99,2.96,2.92,2.88,2.84,2.8,2.75,2.72,2.68,2.66,2.63,2.61,2.58,2.56,2.53,2.51,2.48
Haiti,6.32,6.32,6.3,6.27,6.23,6.18,6.11,6.03,5.94,5.85,5.76,5.69,5.64,5.62,5.61,5.64,5.7,5.78,5.87,5.97,6.06,6.12,6.15,6.15,6.11,6.03,5.92,5.8,5.67,5.55,5.43,5.32,5.21,5.1,5,4.89,4.78,4.67,4.55,4.42,4.3,4.18,4.07,3.96,3.85,3.76,3.67,3.58,3.49,3.41,3.33,3.25,3.17,3.1,3.03,2.97,2.92,2.87
Honduras,7.46,7.45,7.44,7.44,7.44,7.44,7.43,7.42,7.38,7.33,7.27,7.2,7.11,7.03,6.94,6.84,6.75,6.65,6.54,6.43,6.31,6.19,6.06,5.93,5.8,5.67,5.55,5.44,5.33,5.23,5.14,5.05,4.95,4.85,4.75,4.64,4.53,4.41,4.29,4.17,4.05,3.94,3.81,3.69,3.57,3.45,3.33,3.2,3.09,2.98,2.87,2.78,2.69,2.62,2.56,2.51,2.46,2.42
Hungary,2.02,1.94,1.79,1.82,1.82,1.82,1.89,2.01,2.06,2.04,1.98,1.93,1.93,1.93,2.27,2.35,2.23,2.15,2.06,2.01,1.91,1.88,1.8,1.75,1.75,1.85,1.84,1.82,1.81,1.82,1.87,1.87,1.77,1.68,1.64,1.57,1.46,1.37,1.32,1.28,1.32,1.31,1.3,1.27,1.28,1.31,1.34,1.32,1.35,1.32,1.25,1.23,1.34,1.35,1.44,1.45,1.53,1.53
Iceland,4.29,3.88,3.98,3.99,3.88,3.73,3.59,3.28,3.06,2.99,2.81,2.92,3.09,2.94,2.66,2.65,2.52,2.31,2.35,2.49,2.48,2.33,2.27,2.24,2.08,1.93,1.92,2.06,2.26,2.19,2.3,2.18,2.21,2.22,2.14,2.08,2.12,2.04,2.05,1.99,2.08,1.95,1.93,1.99,2.04,2.05,2.08,2.09,2.15,2.23,2.2,2.02,2.04,1.93,1.93,1.8,1.74,1.74
India,5.91,5.9,5.89,5.88,5.86,5.83,5.79,5.75,5.7,5.65,5.59,5.52,5.44,5.36,5.28,5.19,5.11,5.03,4.96,4.89,4.83,4.77,4.7,4.64,4.56,4.48,4.4,4.31,4.22,4.13,4.04,3.96,3.88,3.8,3.72,3.65,3.58,3.51,3.45,3.38,3.31,3.24,3.17,3.11,3.04,2.97,2.9,2.82,2.75,2.67,2.6,2.53,2.48,2.42,2.38,2.35,2.33,2.3
Indonesia,5.67,5.66,5.64,5.63,5.62,5.61,5.6,5.58,5.56,5.52,5.47,5.41,5.34,5.25,5.15,5.04,4.93,4.81,4.68,4.56,4.43,4.3,4.17,4.03,3.89,3.75,3.61,3.47,3.35,3.23,3.12,3.02,2.93,2.84,2.76,2.69,2.63,2.58,2.54,2.52,2.51,2.51,2.51,2.51,2.52,2.51,2.51,2.5,2.5,2.49,2.48,2.47,2.46,2.44,2.41,2.39,2.36,2.34
Iran,6.93,6.92,6.91,6.9,6.87,6.83,6.77,6.7,6.62,6.53,6.44,6.36,6.29,6.24,6.21,6.21,6.24,6.29,6.35,6.42,6.48,6.52,6.51,6.47,6.37,6.22,6.01,5.76,5.47,5.15,4.82,4.48,4.14,3.81,3.5,3.22,2.96,2.73,2.53,2.36,2.21,2.09,2,1.93,1.87,1.83,1.81,1.79,1.78,1.77,1.77,1.75,1.74,1.73,1.71,1.69,1.66,1.64
Iraq,6.25,6.36,6.51,6.69,6.87,7.04,7.19,7.29,7.36,7.38,7.36,7.31,7.23,7.15,7.07,6.99,6.92,6.83,6.75,6.66,6.57,6.49,6.41,6.34,6.28,6.22,6.16,6.11,6.04,5.96,5.88,5.79,5.7,5.61,5.52,5.42,5.33,5.22,5.11,5,4.89,4.8,4.71,4.64,4.59,4.56,4.55,4.55,4.55,4.56,4.56,4.56,4.54,4.51,4.48,4.43,4.37,4.31
Ireland,3.78,3.78,3.92,4.01,4.07,4.04,3.94,3.84,3.77,3.83,3.85,3.93,3.84,3.71,3.59,3.37,3.29,3.24,3.21,3.21,3.21,3.05,2.94,2.74,2.58,2.48,2.44,2.32,2.17,2.08,2.11,2.08,1.99,1.9,1.85,1.84,1.88,1.93,1.94,1.9,1.89,1.94,1.97,1.96,1.93,1.86,1.91,2.01,2.06,2.06,2.05,2.03,1.98,1.93,1.89,1.85,1.81,1.81
Israel,3.87,3.86,3.85,3.84,3.83,3.81,3.8,3.79,3.79,3.78,3.78,3.77,3.77,3.7,3.63,3.55,3.48,3.41,3.35,3.3,3.24,3.19,3.13,3.11,3.08,3.06,3.03,3.01,2.95,2.89,2.82,2.76,2.7,2.8,2.9,2.9,2.9,2.94,2.98,2.96,2.95,2.92,2.89,2.95,2.9,2.84,2.88,2.9,2.96,2.96,3.03,2.98,3.05,3.03,3.08,3.09,3.11,3.11
Italy,2.37,2.42,2.44,2.5,2.65,2.59,2.57,2.5,2.49,2.46,2.38,2.4,2.35,2.3,2.28,2.17,2.04,1.93,1.84,1.73,1.64,1.58,1.56,1.51,1.46,1.42,1.35,1.33,1.36,1.33,1.33,1.3,1.3,1.25,1.21,1.19,1.2,1.21,1.21,1.23,1.26,1.25,1.27,1.29,1.34,1.34,1.37,1.4,1.45,1.45,1.46,1.44,1.43,1.39,1.37,1.35,1.34,1.34
Jamaica,5.42,5.53,5.63,5.71,5.78,5.81,5.82,5.79,5.72,5.62,5.48,5.3,5.11,4.9,4.69,4.48,4.29,4.12,3.96,3.84,3.73,3.64,3.56,3.48,3.39,3.31,3.22,3.14,3.07,3,2.95,2.9,2.86,2.83,2.8,2.77,2.74,2.7,2.67,2.62,2.58,2.53,2.48,2.44,2.4,2.36,2.33,2.29,2.25,2.21,2.17,2.14,2.1,2.07,2.05,2.03,2.01,1.99
Japan,2,2.05,2.01,2.02,2.05,2.14,1.58,2.02,2.13,2.13,2.13,2.16,2.14,2.14,2.05,1.91,1.85,1.8,1.79,1.77,1.75,1.74,1.77,1.8,1.81,1.76,1.72,1.69,1.66,1.57,1.54,1.53,1.5,1.46,1.5,1.42,1.43,1.39,1.38,1.34,1.36,1.33,1.32,1.29,1.29,1.26,1.32,1.34,1.37,1.37,1.39,1.39,1.41,1.43,1.42,1.45,1.44,1.43
Jordan,7.69,7.8,7.9,7.98,8.03,8.06,8.05,8.03,8,7.97,7.93,7.88,7.82,7.75,7.67,7.6,7.52,7.46,7.39,7.33,7.26,7.18,7.07,6.94,6.78,6.59,6.38,6.15,5.93,5.7,5.49,5.29,5.1,4.92,4.75,4.61,4.47,4.34,4.23,4.13,4.03,3.95,3.88,3.83,3.78,3.75,3.73,3.71,3.69,3.68,3.66,3.64,3.6,3.56,3.51,3.44,3.38,3.31
Kazakhstan,4.56,4.51,4.43,4.32,4.19,4.05,3.91,3.79,3.71,3.65,3.61,3.59,3.57,3.54,3.49,3.43,3.35,3.28,3.22,3.02,2.9,2.95,3,3.04,3.08,3.08,3.13,3.19,3.13,2.82,2.72,2.61,2.5,2.3,2.28,2.26,2.13,2,1.8,1.7,1.8,1.9,2,2.03,2.21,2.22,2.36,2.5,2.7,2.55,2.6,2.59,2.62,2.64,2.74,2.73,2.73,2.73
Kenya,7.95,8,8.04,8.08,8.1,8.12,8.13,8.13,8.12,8.1,8.08,8.05,8.01,7.96,7.91,7.84,7.77,7.7,7.62,7.54,7.46,7.37,7.27,7.16,7.04,6.91,6.76,6.6,6.42,6.24,6.07,5.9,5.75,5.63,5.54,5.46,5.4,5.35,5.3,5.24,5.18,5.11,5.04,4.98,4.91,4.84,4.76,4.68,4.58,4.48,4.37,4.27,4.17,4.07,3.99,3.92,3.85,3.79
Kiribati,6.79,6.8,6.78,6.73,6.63,6.5,6.33,6.13,5.9,5.67,5.46,5.27,5.13,5.03,4.99,4.98,5,5.03,5.06,5.07,5.07,5.05,5.02,4.99,4.95,4.91,4.87,4.83,4.78,4.74,4.69,4.63,4.58,4.51,4.45,4.37,4.3,4.24,4.17,4.11,4.06,4.01,3.98,3.95,3.93,3.91,3.9,3.88,3.87,3.86,3.84,3.82,3.8,3.77,3.73,3.69,3.65,3.61
Kuwait,7.24,7.27,7.31,7.35,7.38,7.41,7.42,7.4,7.36,7.28,7.17,7.02,6.83,6.63,6.4,6.18,5.96,5.77,5.6,5.45,5.32,5.18,5.02,4.83,4.61,4.36,4.07,3.78,3.48,3.21,2.97,2.79,2.68,2.64,2.66,2.72,2.8,2.86,2.9,2.89,2.84,2.77,2.69,2.62,2.55,2.5,2.45,2.4,2.34,2.28,2.21,2.15,2.09,2.05,2.01,1.99,1.97,1.96
Kyrgyz Republic,5.47,5.52,5.53,5.52,5.47,5.42,5.35,5.29,5.25,5.21,5.18,5.15,5.11,5.05,4.97,4.88,4.77,4.66,4.55,4.45,4.37,4.3,4.24,4.2,4.16,4.13,4.1,4.07,4.02,3.88,3.63,3.58,3.52,3.2,2.9,3.1,2.8,2.6,2.7,2.6,2.4,2.4,2.4,2.5,2.6,2.5,2.7,2.7,2.8,2.9,3.1,3.1,3.2,3.1,3.2,3.2,3.1,3
Lao,5.96,5.96,5.97,5.97,5.97,5.97,5.97,5.97,5.97,5.97,5.97,5.98,5.99,6.01,6.03,6.06,6.1,6.14,6.19,6.23,6.28,6.32,6.34,6.36,6.37,6.36,6.34,6.31,6.27,6.22,6.15,6.05,5.93,5.77,5.59,5.38,5.17,4.94,4.72,4.51,4.31,4.14,3.98,3.84,3.72,3.62,3.52,3.42,3.33,3.24,3.15,3.06,2.97,2.9,2.82,2.76,2.7,2.64
Latvia,1.94,1.94,1.91,1.85,1.79,1.74,1.76,1.8,1.83,1.88,1.96,2,2,1.98,1.97,1.96,1.93,1.89,1.87,1.87,1.86,1.88,1.97,2.07,2.09,2.08,2.12,2.15,2.11,2.05,2.02,1.86,1.73,1.51,1.39,1.25,1.16,1.11,1.09,1.16,1.25,1.22,1.26,1.32,1.29,1.39,1.46,1.54,1.58,1.46,1.36,1.33,1.44,1.52,1.65,1.7,1.74,1.74
Lebanon,5.74,5.72,5.69,5.65,5.58,5.5,5.4,5.29,5.18,5.06,4.95,4.84,4.73,4.63,4.53,4.44,4.36,4.27,4.18,4.09,4,3.9,3.8,3.69,3.59,3.48,3.38,3.28,3.18,3.09,3,2.92,2.84,2.77,2.69,2.62,2.54,2.47,2.39,2.31,2.23,2.13,2.04,1.94,1.84,1.75,1.68,1.63,1.6,1.6,1.61,1.64,1.67,1.7,1.71,1.72,1.72,1.71
Lesotho,5.84,5.83,5.82,5.81,5.81,5.8,5.8,5.8,5.8,5.81,5.81,5.81,5.8,5.79,5.78,5.76,5.74,5.71,5.67,5.63,5.59,5.54,5.49,5.44,5.38,5.31,5.24,5.17,5.09,5,4.92,4.84,4.76,4.69,4.62,4.55,4.47,4.39,4.3,4.2,4.09,3.97,3.86,3.74,3.64,3.55,3.47,3.41,3.37,3.33,3.3,3.28,3.25,3.22,3.19,3.14,3.09,3.04
Liberia,6.41,6.43,6.45,6.48,6.5,6.52,6.55,6.58,6.62,6.66,6.7,6.74,6.78,6.81,6.85,6.88,6.91,6.93,6.95,6.96,6.97,6.97,6.96,6.95,6.92,6.88,6.82,6.75,6.67,6.59,6.5,6.41,6.34,6.27,6.21,6.16,6.11,6.06,6.01,5.95,5.88,5.8,5.72,5.63,5.55,5.46,5.37,5.28,5.19,5.11,5.02,4.94,4.87,4.79,4.72,4.65,4.58,4.51
Libya,7.2,7.24,7.31,7.4,7.52,7.65,7.78,7.91,8.01,8.09,8.13,8.15,8.13,8.1,8.05,7.97,7.87,7.74,7.58,7.41,7.22,7.02,6.83,6.63,6.43,6.24,6.02,5.79,5.53,5.26,4.97,4.67,4.38,4.11,3.86,3.64,3.44,3.27,3.11,2.98,2.86,2.75,2.67,2.6,2.54,2.49,2.46,2.44,2.42,2.42,2.41,2.4,2.39,2.37,2.34,2.31,2.27,2.23
Liechtenstein,,,,,,,,,,,,,,,,,,,,,,,,,,,,,,,,,,,,,,,,,1.57,1.52,1.47,1.36,1.44,1.49,1.43,1.42,1.43,1.71,1.4,1.69,1.51,1.45,1.59,1.4,1.61,1.61
Lithuania,2.56,2.53,2.45,2.35,2.28,2.23,2.22,2.23,2.24,2.3,2.4,2.41,2.34,2.22,2.21,2.18,2.18,2.14,2.08,2.05,1.99,1.98,1.97,2.1,2.07,2.08,2.12,2.11,2.02,1.98,2.03,2.01,1.97,1.74,1.57,1.55,1.49,1.47,1.46,1.46,1.39,1.29,1.23,1.26,1.27,1.29,1.33,1.36,1.45,1.5,1.5,1.55,1.6,1.59,1.63,1.7,1.69,1.69
Luxembourg,2.29,,2.37,,2.34,2.42,2.34,2.24,2.12,2.02,1.97,1.95,1.75,1.58,1.58,1.55,1.48,1.5,1.48,1.48,1.5,1.55,1.49,1.43,1.42,1.38,1.43,1.4,1.51,1.52,1.6,1.6,1.64,1.7,1.72,1.7,1.77,1.71,1.68,1.74,1.76,1.66,1.63,1.62,1.66,1.63,1.65,1.61,1.61,1.59,1.63,1.52,1.57,1.55,1.5,1.47,1.41,1.41
Madagascar,7.3,7.3,7.3,7.3,7.31,7.31,7.31,7.3,7.3,7.29,7.27,7.25,7.22,7.19,7.15,7.1,7.04,6.98,6.9,6.81,6.72,6.64,6.55,6.48,6.41,6.35,6.31,6.27,6.24,6.21,6.18,6.15,6.12,6.08,6.03,5.98,5.91,5.83,5.75,5.65,5.55,5.45,5.34,5.24,5.14,5.05,4.96,4.87,4.78,4.69,4.6,4.52,4.44,4.37,4.3,4.24,4.18,4.13
Malawi,6.94,6.96,6.99,7.02,7.06,7.1,7.14,7.18,7.22,7.26,7.3,7.34,7.39,7.43,7.48,7.52,7.56,7.59,7.62,7.64,7.64,7.64,7.62,7.58,7.54,7.47,7.39,7.29,7.18,7.05,6.92,6.8,6.68,6.58,6.5,6.42,6.36,6.31,6.26,6.2,6.15,6.1,6.05,6,5.96,5.9,5.83,5.73,5.61,5.47,5.31,5.15,4.99,4.86,4.74,4.65,4.57,4.5
Malaysia,6.45,6.42,6.35,6.25,6.1,5.92,5.73,5.53,5.34,5.17,5.01,4.88,4.76,4.64,4.53,4.42,4.33,4.25,4.18,4.12,4.07,4.02,3.97,3.92,3.87,3.82,3.76,3.7,3.65,3.6,3.55,3.51,3.47,3.42,3.37,3.31,3.24,3.15,3.04,2.91,2.78,2.66,2.54,2.44,2.35,2.29,2.25,2.22,2.19,2.17,2.15,2.13,2.11,2.09,2.07,2.06,2.04,2.02
Maldives,7.02,7.08,7.12,7.15,7.18,7.2,7.22,7.23,7.24,7.24,7.23,7.2,7.16,7.1,7.04,6.98,6.94,6.94,6.96,7.01,7.08,7.15,7.2,7.22,7.19,7.11,6.96,6.78,6.55,6.29,5.99,5.67,5.34,4.99,4.64,4.3,3.98,3.67,3.4,3.15,2.94,2.77,2.63,2.51,2.42,2.34,2.29,2.26,2.24,2.23,2.23,2.22,2.21,2.19,2.17,2.13,2.09,2.05
Mali,6.97,6.98,6.99,7.01,7.03,7.05,7.07,7.09,7.11,7.12,7.13,7.14,7.15,7.15,7.15,7.15,7.15,7.15,7.15,7.15,7.15,7.15,7.15,7.15,7.15,7.15,7.15,7.16,7.16,7.16,7.17,7.16,7.15,7.12,7.09,7.06,7.02,6.98,6.95,6.92,6.9,6.88,6.86,6.84,6.82,6.79,6.76,6.72,6.67,6.61,6.55,6.47,6.4,6.32,6.23,6.14,6.06,5.97
Malta,3.62,3.27,3.24,2.9,2.79,2.52,2.33,2.24,2.12,2.02,2.03,2.06,2.01,1.65,1.64,2.27,2.21,2.14,2.05,2.1,1.99,1.87,1.9,1.92,1.95,1.95,1.93,1.97,2.06,2.1,2.04,1.99,2.07,1.96,1.84,1.77,1.99,1.93,1.84,1.73,1.68,1.48,1.45,1.48,1.4,1.38,1.36,1.35,1.43,1.42,1.36,1.45,1.42,1.36,1.38,1.37,1.37,1.37
Marshall Islands,,,,,,,,,,,,,,,,,,,,,,,,,,,,5.9,,,,,,,,,,,,5.71,,,,,,4.5,4.5,4.5,,,,4.05,,,,,,
Mauritania,6.78,6.79,6.79,6.8,6.8,6.8,6.8,6.8,6.79,6.79,6.78,6.77,6.76,6.74,6.71,6.68,6.64,6.6,6.55,6.5,6.46,6.41,6.37,6.32,6.28,6.24,6.21,6.17,6.13,6.08,6.04,5.99,5.94,5.88,5.83,5.76,5.7,5.64,5.58,5.51,5.45,5.39,5.34,5.28,5.23,5.18,5.14,5.1,5.06,5.02,4.98,4.94,4.9,4.85,4.79,4.74,4.67,4.61
Mauritius,6.17,6.18,6.12,5.99,5.79,5.51,5.19,4.85,4.52,4.21,3.95,3.74,3.58,3.44,3.34,3.25,3.17,3.07,2.95,2.82,2.67,2.53,2.41,2.33,2.16,2.02,1.99,2.05,2.14,2.23,2.32,2.3,2.37,2.21,2.25,2.14,2.12,2.04,1.97,2.05,1.99,1.91,1.94,1.87,1.92,1.88,1.77,1.74,1.67,1.59,1.57,1.55,1.54,1.44,1.43,1.36,1.4,1.44
Mexico,6.77,6.76,6.76,6.75,6.75,6.75,6.77,6.79,6.81,6.83,6.83,6.79,6.7,6.56,6.37,6.13,5.86,5.59,5.32,5.06,4.84,4.63,4.46,4.3,4.15,4.02,3.9,3.79,3.68,3.57,3.47,3.37,3.27,3.18,3.1,3.02,2.95,2.88,2.82,2.77,2.72,2.67,2.62,2.58,2.54,2.5,2.46,2.42,2.39,2.36,2.34,2.32,2.29,2.27,2.24,2.21,2.18,2.15
"Micronesia, Fed. Sts.",6.93,6.92,6.91,6.9,6.89,6.89,6.9,6.91,6.92,6.94,6.94,6.92,6.89,6.84,6.77,6.68,6.59,6.49,6.4,6.31,6.22,6.13,6.02,5.89,5.75,5.6,5.45,5.3,5.17,5.05,4.96,4.88,4.82,4.77,4.72,4.66,4.61,4.54,4.47,4.39,4.3,4.2,4.11,4.01,3.91,3.82,3.74,3.66,3.59,3.52,3.46,3.4,3.35,3.29,3.24,3.19,3.15,3.1
Moldova,3.33,3.26,3.18,3.09,2.99,2.89,2.8,2.72,2.66,2.61,2.58,2.56,2.54,2.52,2.5,2.48,2.46,2.46,2.45,2.46,2.48,2.51,2.55,2.58,2.62,2.64,2.65,2.63,2.58,2.51,2.41,2.31,2.2,2.09,1.99,1.9,1.81,1.72,1.62,1.53,1.44,1.35,1.29,1.25,1.22,1.22,1.23,1.24,1.26,1.27,1.27,1.27,1.27,1.26,1.26,1.25,1.24,1.23
Mongolia,6.95,7.17,7.35,7.48,7.56,7.59,7.6,7.59,7.58,7.58,7.57,7.55,7.5,7.41,7.29,7.14,6.97,6.78,6.59,6.39,6.21,6.03,5.86,5.7,5.53,5.34,5.14,4.91,4.64,4.36,4.05,3.75,3.45,3.18,2.94,2.74,2.57,2.43,2.31,2.22,2.14,2.1,2.08,2.08,2.11,2.17,2.24,2.33,2.43,2.54,2.64,2.72,2.77,2.81,2.81,2.79,2.76,2.71
Montenegro,3.6,3.52,3.44,3.34,3.25,3.15,3.05,2.95,2.87,2.8,2.74,2.68,2.62,2.57,2.51,2.45,2.39,2.34,2.3,2.27,2.24,2.22,2.21,2.19,2.17,2.16,2.14,2.12,2.1,2.09,2.08,2.06,2.05,2.02,2,1.98,1.95,1.93,1.91,1.89,1.88,1.86,1.86,1.85,1.85,1.84,1.83,1.82,1.81,1.79,1.77,1.75,1.73,1.71,1.69,1.68,1.67,1.66
Morocco,7.04,7.07,7.09,7.09,7.07,7.03,6.97,6.9,6.82,6.74,6.65,6.55,6.46,6.36,6.25,6.16,6.06,5.97,5.88,5.78,5.68,5.57,5.44,5.29,5.12,4.94,4.75,4.57,4.39,4.22,4.06,3.9,3.75,3.6,3.44,3.3,3.16,3.04,2.93,2.85,2.78,2.72,2.68,2.64,2.61,2.59,2.57,2.56,2.56,2.57,2.58,2.58,2.58,2.57,2.56,2.53,2.49,2.45
Mozambique,6.95,6.94,6.92,6.9,6.88,6.87,6.86,6.86,6.85,6.85,6.84,6.82,6.8,6.77,6.73,6.68,6.63,6.58,6.54,6.5,6.46,6.44,6.41,6.39,6.37,6.35,6.33,6.31,6.28,6.25,6.21,6.17,6.12,6.07,6.01,5.96,5.92,5.88,5.85,5.83,5.82,5.81,5.79,5.78,5.76,5.74,5.71,5.67,5.64,5.6,5.56,5.52,5.47,5.42,5.37,5.3,5.24,5.18
Myanmar,6.05,6.07,6.1,6.12,6.13,6.14,6.13,6.11,6.08,6.03,5.96,5.88,5.79,5.69,5.57,5.46,5.34,5.23,5.13,5.02,4.92,4.81,4.69,4.55,4.39,4.23,4.06,3.89,3.73,3.59,3.46,3.34,3.24,3.16,3.09,3.04,2.99,2.96,2.94,2.93,2.91,2.89,2.87,2.83,2.78,2.72,2.66,2.59,2.53,2.46,2.41,2.36,2.32,2.29,2.26,2.23,2.21,2.19
Namibia,6.15,6.17,6.18,6.2,6.22,6.24,6.26,6.3,6.35,6.4,6.46,6.52,6.57,6.61,6.64,6.65,6.65,6.62,6.58,6.52,6.45,6.36,6.26,6.14,6.02,5.89,5.76,5.63,5.49,5.36,5.23,5.1,4.97,4.84,4.71,4.59,4.47,4.34,4.23,4.12,4.02,3.93,3.84,3.77,3.71,3.67,3.63,3.62,3.61,3.61,3.6,3.6,3.59,3.56,3.52,3.47,3.42,3.35
Nepal,5.96,5.96,5.96,5.96,5.96,5.97,5.96,5.96,5.95,5.93,5.92,5.9,5.88,5.87,5.85,5.84,5.82,5.8,5.78,5.76,5.72,5.69,5.64,5.6,5.55,5.49,5.43,5.37,5.31,5.24,5.17,5.1,5.01,4.93,4.83,4.72,4.6,4.47,4.33,4.18,4.03,3.88,3.72,3.58,3.43,3.29,3.15,3.01,2.87,2.74,2.61,2.49,2.38,2.29,2.22,2.16,2.12,2.08
Netherlands,3.12,3.22,3.18,3.19,3.17,3.04,2.9,2.81,2.72,2.75,2.57,2.36,2.15,1.9,1.77,1.66,1.63,1.58,1.58,1.56,1.6,1.56,1.5,1.47,1.49,1.51,1.55,1.56,1.55,1.55,1.62,1.61,1.59,1.57,1.57,1.53,1.53,1.56,1.63,1.65,1.72,1.71,1.73,1.75,1.72,1.71,1.72,1.72,1.77,1.79,1.79,1.76,1.72,1.68,1.71,1.66,1.66,1.66
New Zealand,4.03,3.98,4.11,3.99,3.73,3.54,3.41,3.35,3.33,3.27,3.16,3.19,3,2.7,2.57,2.33,2.27,2.23,2.07,2.12,2.03,2.01,1.95,1.92,1.93,1.93,1.96,2.03,2.1,2.12,2.18,2.16,2.12,2.05,2,1.99,1.96,1.96,1.89,1.97,1.98,1.97,1.89,1.93,1.98,1.97,2.01,2.18,2.19,2.13,2.17,2.09,2.1,2.01,1.92,1.99,1.87,1.81
Nicaragua,7.34,7.26,7.18,7.11,7.05,7.01,6.98,6.96,6.94,6.92,6.89,6.86,6.81,6.75,6.68,6.6,6.51,6.42,6.33,6.23,6.13,6.02,5.9,5.76,5.61,5.45,5.28,5.1,4.93,4.76,4.6,4.43,4.27,4.11,3.94,3.78,3.62,3.47,3.33,3.2,3.08,2.98,2.89,2.81,2.74,2.68,2.62,2.57,2.52,2.48,2.43,2.38,2.34,2.3,2.26,2.23,2.2,2.17
Niger,7.45,7.47,7.49,7.5,7.52,7.53,7.54,7.54,7.55,7.56,7.57,7.58,7.6,7.62,7.64,7.67,7.7,7.74,7.78,7.81,7.84,7.87,7.88,7.89,7.88,7.87,7.84,7.82,7.8,7.79,7.77,7.76,7.75,7.74,7.73,7.72,7.72,7.71,7.7,7.69,7.68,7.67,7.66,7.64,7.63,7.61,7.59,7.57,7.54,7.51,7.49,7.46,7.42,7.38,7.34,7.29,7.24,7.18
Nigeria,6.35,6.35,6.35,6.34,6.34,6.33,6.34,6.36,6.39,6.42,6.47,6.52,6.58,6.63,6.67,6.71,6.74,6.76,6.77,6.78,6.78,6.78,6.77,6.75,6.73,6.7,6.66,6.63,6.58,6.54,6.49,6.44,6.39,6.35,6.3,6.26,6.22,6.19,6.16,6.13,6.11,6.08,6.06,6.04,6.01,5.99,5.96,5.93,5.9,5.87,5.84,5.8,5.76,5.71,5.65,5.59,5.53,5.46
North Korea,4.58,4.36,4.17,4.06,4.02,4.06,4.16,4.26,4.33,4.35,4.32,4.21,4.05,3.85,3.63,3.4,3.2,3.02,2.9,2.81,2.77,2.75,2.73,2.7,2.65,2.58,2.5,2.43,2.37,2.32,2.29,2.26,2.23,2.2,2.16,2.12,2.08,2.04,2.01,2,1.99,1.99,1.99,2,2,2,2,2,1.99,1.99,1.98,1.97,1.96,1.94,1.93,1.92,1.91,1.9
Norway,2.85,2.94,2.91,2.93,2.98,2.94,2.9,2.81,2.75,2.7,2.5,2.49,2.38,2.23,2.13,1.98,1.86,1.75,1.77,1.75,1.72,1.7,1.71,1.66,1.66,1.68,1.71,1.74,1.84,1.89,1.93,1.92,1.88,1.86,1.87,1.87,1.89,1.86,1.81,1.85,1.85,1.78,1.75,1.8,1.83,1.84,1.9,1.9,1.96,1.98,1.95,1.88,1.85,1.78,1.75,1.72,1.71,1.71
Oman,7.25,7.25,7.25,7.26,7.26,7.27,7.28,7.28,7.29,7.29,7.31,7.35,7.41,7.5,7.62,7.75,7.88,8.02,8.14,8.23,8.3,8.34,8.35,8.34,8.3,8.22,8.1,7.93,7.72,7.46,7.17,6.83,6.47,6.1,5.72,5.35,4.98,4.63,4.3,3.99,3.72,3.48,3.29,3.14,3.03,2.95,2.91,2.89,2.89,2.9,2.9,2.9,2.88,2.85,2.8,2.74,2.67,2.59
Pakistan,6.6,6.6,6.6,6.6,6.6,6.6,6.6,6.6,6.6,6.6,6.6,6.6,6.61,6.61,6.61,6.61,6.61,6.6,6.58,6.56,6.54,6.51,6.48,6.46,6.44,6.41,6.37,6.31,6.23,6.14,6.02,5.9,5.76,5.62,5.48,5.34,5.2,5.05,4.89,4.73,4.58,4.44,4.31,4.21,4.13,4.07,4.02,3.98,3.94,3.9,3.85,3.8,3.74,3.68,3.62,3.55,3.48,3.41
Palau,,,,,,,,,,,,,,,,,,,,,,,,,,,,,,,2.84,,,,,2.33,,,,,1.83,,,,,2.02,,,,,,,2.23,,,2.21,,
Palestine,,,,,,,,,,,,,,,,,,,,,,,,,,,,,,,6.72,6.67,6.61,6.51,6.4,6.25,6.08,5.91,5.73,5.55,5.38,5.23,5.09,4.97,4.87,4.78,4.7,4.62,4.55,4.49,4.42,4.35,4.28,4.21,4.14,4.08,4.01,3.94
Panama,5.87,5.85,5.81,5.76,5.71,5.64,5.56,5.47,5.38,5.28,5.17,5.06,4.94,4.81,4.67,4.54,4.4,4.26,4.13,4,3.88,3.77,3.67,3.58,3.49,3.41,3.34,3.26,3.19,3.12,3.06,3,2.95,2.91,2.88,2.85,2.83,2.81,2.79,2.77,2.74,2.72,2.7,2.68,2.66,2.65,2.64,2.64,2.63,2.63,2.62,2.61,2.6,2.58,2.56,2.54,2.51,2.49
Papua New Guinea,6.28,6.28,6.28,6.28,6.27,6.26,6.24,6.23,6.21,6.19,6.16,6.14,6.11,6.08,6.04,6,5.95,5.9,5.84,5.77,5.69,5.61,5.51,5.42,5.31,5.21,5.11,5.02,4.93,4.86,4.8,4.76,4.72,4.7,4.68,4.67,4.65,4.63,4.6,4.57,4.53,4.47,4.42,4.37,4.32,4.26,4.21,4.16,4.1,4.04,3.98,3.93,3.87,3.81,3.76,3.71,3.66,3.61
Paraguay,6.5,6.49,6.47,6.45,6.41,6.36,6.28,6.17,6.04,5.89,5.74,5.59,5.46,5.35,5.27,5.22,5.2,5.19,5.19,5.18,5.17,5.16,5.13,5.09,5.04,4.97,4.9,4.82,4.73,4.64,4.55,4.46,4.37,4.28,4.2,4.11,4.01,3.91,3.8,3.68,3.55,3.43,3.31,3.21,3.12,3.04,2.97,2.91,2.85,2.79,2.73,2.67,2.63,2.58,2.54,2.51,2.48,2.45
Peru,6.97,6.97,6.96,6.95,6.92,6.88,6.82,6.73,6.63,6.51,6.38,6.24,6.1,5.96,5.83,5.71,5.58,5.45,5.31,5.17,5.02,4.88,4.73,4.6,4.47,4.36,4.25,4.14,4.04,3.93,3.83,3.72,3.62,3.51,3.41,3.32,3.23,3.14,3.06,2.99,2.93,2.87,2.82,2.77,2.73,2.68,2.65,2.62,2.59,2.57,2.54,2.52,2.5,2.48,2.46,2.43,2.4,2.37
Philippines,7.15,7.09,7.02,6.95,6.87,6.78,6.69,6.59,6.49,6.38,6.26,6.15,6.04,5.93,5.82,5.72,5.61,5.51,5.4,5.29,5.18,5.08,4.98,4.88,4.79,4.71,4.63,4.55,4.48,4.4,4.32,4.25,4.18,4.11,4.06,4,3.96,3.92,3.89,3.85,3.81,3.77,3.71,3.65,3.58,3.5,3.42,3.35,3.28,3.21,3.16,3.11,3.07,3.03,2.99,2.96,2.92,2.89
Poland,2.98,2.83,2.72,2.7,2.57,2.52,2.34,2.33,2.24,2.2,2.2,2.25,2.24,2.26,2.26,2.27,2.3,2.23,2.21,2.28,2.28,2.24,2.34,2.42,2.37,2.33,2.22,2.15,2.13,2.08,2.06,2.07,1.95,1.87,1.81,1.62,1.59,1.51,1.44,1.38,1.37,1.31,1.25,1.22,1.23,1.24,1.27,1.31,1.39,1.4,1.41,1.33,1.33,1.29,1.32,1.32,1.39,1.39
Portugal,3.16,3.21,3.23,3.12,3.21,3.15,3.16,3.16,3.12,3.12,3.01,3,2.86,2.77,2.7,2.75,2.82,2.69,2.45,2.31,2.25,2.13,2.07,1.95,1.9,1.72,1.66,1.62,1.61,1.57,1.56,1.56,1.54,1.52,1.45,1.41,1.44,1.47,1.47,1.5,1.55,1.45,1.46,1.44,1.4,1.41,1.37,1.35,1.39,1.34,1.39,1.35,1.28,1.21,1.23,1.31,1.36,1.36
Qatar,6.97,6.97,6.98,6.98,6.99,6.99,6.99,6.98,6.97,6.95,6.91,6.86,6.78,6.69,6.58,6.46,6.33,6.2,6.07,5.94,5.81,5.66,5.5,5.32,5.13,4.92,4.72,4.52,4.33,4.16,4.01,3.89,3.79,3.71,3.65,3.59,3.53,3.47,3.41,3.33,3.24,3.12,3,2.86,2.71,2.57,2.43,2.31,2.21,2.13,2.07,2.03,2,1.97,1.95,1.93,1.91,1.89
Romania,2.34,2.17,2.04,2.01,1.96,1.91,1.9,3.66,3.63,3.19,2.89,2.67,2.55,2.44,2.71,2.59,2.54,2.57,2.52,2.49,2.43,2.36,2.17,2.06,2.26,2.31,2.39,2.38,2.3,2.22,1.83,1.59,1.51,1.43,1.4,1.33,1.3,1.32,1.32,1.3,1.31,1.27,1.27,1.3,1.33,1.4,1.42,1.45,1.6,1.66,1.59,1.47,1.52,1.46,1.56,1.58,1.64,1.64
Russia,2.52,2.45,2.36,2.27,2.18,2.13,2.1,2.04,1.99,1.97,1.99,2.03,2.04,2.01,2,1.98,1.97,1.95,1.92,1.9,1.89,1.91,2.04,2.11,2.06,2.05,2.15,2.22,2.12,2.01,1.89,1.73,1.55,1.39,1.4,1.34,1.27,1.22,1.23,1.16,1.2,1.22,1.29,1.32,1.34,1.29,1.3,1.42,1.5,1.54,1.57,1.58,1.69,1.71,1.75,1.78,1.76,1.76
Rwanda,8.19,8.19,8.2,8.2,8.2,8.2,8.2,8.2,8.21,8.22,8.23,8.25,8.28,8.31,8.34,8.37,8.4,8.43,8.45,8.46,8.46,8.44,8.41,8.36,8.28,8.18,8.04,7.86,7.66,7.43,7.18,6.94,6.71,6.5,6.32,6.17,6.05,5.94,5.83,5.74,5.64,5.54,5.45,5.34,5.24,5.13,5.02,4.9,4.77,4.64,4.51,4.39,4.27,4.16,4.06,3.97,3.88,3.81
Samoa,7.65,7.64,7.63,7.6,7.57,7.52,7.46,7.4,7.33,7.26,7.19,7.12,7.04,6.95,6.86,6.76,6.66,6.55,6.43,6.32,6.2,6.09,5.97,5.85,5.73,5.62,5.51,5.4,5.3,5.21,5.12,5.03,4.96,4.88,4.81,4.75,4.69,4.64,4.59,4.54,4.5,4.48,4.46,4.45,4.46,4.46,4.46,4.45,4.43,4.39,4.34,4.28,4.21,4.15,4.09,4.03,3.98,3.93
San Marino,,,,,,,,,,,,,,,,,,,,,,,,,,,,,,,,,,,,,,,,,,,,,,,,,,,,,1.26,,,,,
Sao Tome and Principe,6.24,6.26,6.28,6.31,6.33,6.35,6.37,6.39,6.42,6.44,6.47,6.49,6.51,6.53,6.53,6.53,6.52,6.5,6.47,6.43,6.39,6.33,6.28,6.22,6.16,6.1,6.04,5.99,5.93,5.88,5.82,5.76,5.71,5.66,5.6,5.54,5.49,5.44,5.38,5.33,5.28,5.23,5.17,5.12,5.07,5.02,4.97,4.93,4.88,4.83,4.79,4.74,4.69,4.63,4.58,4.52,4.46,4.39
Saudi Arabia,7.22,7.23,7.24,7.25,7.26,7.26,7.26,7.26,7.27,7.27,7.28,7.29,7.3,7.31,7.31,7.31,7.31,7.3,7.28,7.25,7.21,7.14,7.05,6.93,6.8,6.65,6.5,6.34,6.19,6.05,5.91,5.76,5.59,5.41,5.2,4.98,4.75,4.53,4.33,4.14,3.97,3.83,3.71,3.6,3.5,3.42,3.33,3.24,3.15,3.06,2.96,2.87,2.78,2.7,2.63,2.58,2.53,2.49
Senegal,7,7.04,7.08,7.12,7.15,7.19,7.21,7.24,7.26,7.28,7.29,7.3,7.3,7.3,7.3,7.29,7.29,7.3,7.3,7.31,7.31,7.3,7.27,7.22,7.15,7.06,6.96,6.85,6.74,6.64,6.53,6.43,6.32,6.21,6.11,6,5.88,5.77,5.67,5.56,5.47,5.39,5.31,5.25,5.2,5.16,5.13,5.11,5.09,5.08,5.06,5.04,5,4.96,4.9,4.84,4.77,4.7
Serbia,,2.5,,,,,,,,,,2.3,,,,,,,,,,2.1,,,,,,,,,,1.8,,,,1.7,,1.6,,,1.48,1.58,1.57,1.59,1.57,1.45,1.43,1.38,1.4,1.44,1.4,1.4,1.45,1.43,1.46,1.46,1.46,1.46
Seychelles,,,,,,,,,,,,,,,,,4.5,,,,,,3.5,,,,,3,,,,,2.7,,,,,2.1,2.04,2.04,2.08,1.98,2.04,2.06,2.01,2.2,2.11,2.24,2.33,2.38,2.17,2.38,2.42,2.37,2.34,2.41,2.78,3.63
Sierra Leone,6.13,6.17,6.22,6.26,6.3,6.34,6.37,6.4,6.43,6.46,6.5,6.52,6.55,6.57,6.59,6.61,6.63,6.64,6.66,6.67,6.69,6.7,6.71,6.72,6.73,6.73,6.73,6.73,6.73,6.73,6.72,6.71,6.7,6.67,6.64,6.61,6.56,6.51,6.46,6.39,6.32,6.24,6.16,6.07,5.97,5.86,5.75,5.62,5.49,5.35,5.2,5.06,4.92,4.79,4.67,4.56,4.46,4.36
Singapore,5.76,5.41,5.21,5.16,4.97,4.66,4.46,3.91,3.53,3.22,3.07,3.02,3.04,2.79,2.35,2.07,2.11,1.82,1.79,1.79,1.82,1.78,1.74,1.61,1.62,1.61,1.43,1.62,1.96,1.75,1.83,1.73,1.72,1.74,1.71,1.67,1.66,1.61,1.48,1.47,1.6,1.41,1.37,1.27,1.26,1.26,1.28,1.29,1.28,1.22,1.15,1.2,1.29,1.19,1.25,1.24,1.2,1.16
Slovak Republic,3.04,2.96,2.83,2.92,2.89,2.78,2.66,2.48,2.39,2.43,2.41,2.43,2.49,2.56,2.61,2.55,2.55,2.49,2.47,2.45,2.32,2.29,2.28,2.28,2.26,2.26,2.2,2.14,2.13,2.07,2.09,2.05,1.93,1.87,1.67,1.52,1.47,1.43,1.37,1.33,1.3,1.2,1.19,1.2,1.25,1.27,1.25,1.27,1.34,1.44,1.43,1.45,1.34,1.34,1.37,1.4,1.48,1.48
Slovenia,2.34,2.33,2.33,2.32,2.31,2.3,2.29,2.27,2.26,2.24,2.23,2.22,2.21,2.21,2.2,2.19,2.18,2.17,2.14,2.11,2.06,2.02,1.93,1.81,1.74,1.71,1.67,1.65,1.63,1.52,1.46,1.42,1.33,1.33,1.32,1.29,1.28,1.25,1.23,1.21,1.26,1.21,1.21,1.2,1.25,1.26,1.31,1.38,1.53,1.53,1.57,1.56,1.58,1.55,1.58,1.57,1.58,1.58
Solomon Islands,6.39,6.38,6.38,6.38,6.39,6.42,6.47,6.55,6.66,6.78,6.91,7.04,7.14,7.22,7.25,7.24,7.18,7.1,6.99,6.87,6.75,6.63,6.53,6.43,6.35,6.28,6.21,6.14,6.06,5.96,5.85,5.73,5.6,5.46,5.33,5.2,5.08,4.97,4.87,4.79,4.72,4.67,4.62,4.58,4.54,4.5,4.46,4.41,4.36,4.3,4.24,4.17,4.1,4.03,3.97,3.91,3.85,3.79
Somalia,7.25,7.25,7.25,7.26,7.26,7.26,7.26,7.25,7.23,7.21,7.18,7.15,7.12,7.09,7.06,7.03,7.02,7,7,7,7.01,7.03,7.05,7.08,7.11,7.15,7.19,7.24,7.29,7.34,7.4,7.45,7.51,7.57,7.61,7.65,7.68,7.69,7.68,7.66,7.62,7.57,7.51,7.45,7.38,7.3,7.23,7.14,7.06,6.96,6.87,6.77,6.67,6.56,6.46,6.37,6.27,6.17
South Africa,6.04,6.03,6.01,5.99,5.96,5.92,5.88,5.83,5.78,5.73,5.67,5.61,5.54,5.46,5.37,5.29,5.2,5.11,5.02,4.93,4.84,4.74,4.65,4.54,4.43,4.32,4.19,4.06,3.92,3.79,3.65,3.52,3.41,3.29,3.2,3.11,3.04,2.97,2.92,2.87,2.83,2.79,2.76,2.73,2.7,2.68,2.66,2.64,2.62,2.6,2.59,2.57,2.55,2.53,2.51,2.48,2.46,2.43
South Korea,6.09,5.93,5.74,5.53,5.33,5.13,4.94,4.77,4.62,4.47,4.53,4.54,4.12,4.07,3.77,3.43,3,2.99,2.64,2.9,2.82,2.57,2.39,2.06,1.74,1.66,1.58,1.53,1.55,1.56,1.57,1.71,1.76,1.65,1.66,1.63,1.57,1.52,1.45,1.41,1.47,1.3,1.17,1.18,1.15,1.08,1.12,1.25,1.19,1.15,1.23,1.24,1.3,1.19,1.21,1.24,1.17,1.05
South Sudan,6.72,6.73,6.75,6.76,6.78,6.8,6.82,6.84,6.86,6.87,6.88,6.89,6.9,6.91,6.92,6.92,6.92,6.91,6.9,6.87,6.85,6.83,6.81,6.81,6.81,6.81,6.82,6.82,6.81,6.79,6.76,6.73,6.69,6.64,6.6,6.55,6.5,6.44,6.38,6.3,6.22,6.14,6.05,5.97,5.88,5.8,5.72,5.64,5.55,5.46,5.38,5.29,5.2,5.11,5.02,4.94,4.86,4.77
Spain,2.86,2.77,2.8,2.88,3.01,2.94,2.91,2.94,2.87,2.86,2.84,2.9,2.87,2.84,2.88,2.77,2.77,2.65,2.54,2.37,2.22,2.04,1.94,1.8,1.73,1.64,1.56,1.49,1.45,1.4,1.36,1.33,1.31,1.26,1.19,1.16,1.14,1.15,1.13,1.17,1.22,1.23,1.25,1.3,1.31,1.33,1.36,1.38,1.45,1.38,1.37,1.34,1.32,1.27,1.32,1.33,1.34,1.34
Sri Lanka,5.54,5.42,5.3,5.18,5.07,4.96,4.85,4.73,4.61,4.48,4.34,4.21,4.08,3.97,3.87,3.78,3.71,3.63,3.56,3.49,3.41,3.32,3.22,3.12,3.01,2.9,2.8,2.7,2.62,2.54,2.48,2.43,2.39,2.35,2.32,2.29,2.27,2.25,2.24,2.24,2.24,2.25,2.26,2.27,2.28,2.28,2.28,2.27,2.26,2.23,2.2,2.17,2.14,2.11,2.08,2.06,2.05,2.03
St. Kitts and Nevis,,,,,,,,,,,,,3.5,,,,,,,,,,3.3,,,,,2.8,,,,,2.6,,,,,2.4,,,,,2.11,,,,,,,,,,,,,,,
St. Lucia,6.97,6.93,6.88,6.82,6.76,6.69,6.61,6.51,6.39,6.25,6.1,5.95,5.81,5.69,5.57,5.46,5.35,5.22,5.06,4.89,4.7,4.51,4.33,4.16,4.01,3.89,3.78,3.68,3.59,3.5,3.4,3.3,3.2,3.1,3,2.89,2.77,2.64,2.5,2.35,2.2,2.06,1.93,1.83,1.74,1.68,1.63,1.6,1.57,1.56,1.54,1.52,1.51,1.5,1.48,1.47,1.46,1.45
St. Vincent and the Grenadines,7.22,7.16,7.07,6.98,6.88,6.76,6.63,6.49,6.34,6.18,6.01,5.83,5.63,5.42,5.2,4.97,4.75,4.54,4.34,4.15,3.98,3.83,3.69,3.56,3.44,3.33,3.23,3.14,3.07,3.01,2.96,2.91,2.86,2.81,2.76,2.7,2.64,2.58,2.51,2.44,2.38,2.32,2.27,2.23,2.2,2.17,2.15,2.13,2.11,2.09,2.07,2.05,2.02,2,1.98,1.95,1.93,1.91
Sudan,6.69,6.71,6.74,6.76,6.79,6.81,6.83,6.85,6.87,6.88,6.89,6.9,6.91,6.92,6.93,6.94,6.93,6.92,6.89,6.85,6.8,6.74,6.67,6.61,6.54,6.47,6.4,6.34,6.27,6.21,6.15,6.09,6.03,5.96,5.9,5.83,5.76,5.69,5.61,5.54,5.47,5.4,5.33,5.27,5.2,5.14,5.08,5.03,4.98,4.93,4.88,4.83,4.77,4.71,4.66,4.59,4.53,4.47
Suriname,6.61,6.59,6.56,6.5,6.41,6.3,6.18,6.05,5.92,5.79,5.65,5.5,5.34,5.15,4.95,4.73,4.53,4.33,4.16,4.01,3.9,3.8,3.71,3.64,3.57,3.5,3.44,3.39,3.34,3.3,3.27,3.23,3.2,3.16,3.12,3.08,3.03,2.99,2.94,2.9,2.86,2.82,2.78,2.75,2.71,2.67,2.64,2.61,2.58,2.55,2.52,2.5,2.47,2.44,2.42,2.4,2.37,2.35
Sweden,2.17,2.21,2.25,2.33,2.47,2.39,2.37,2.28,2.07,1.93,1.92,1.96,1.91,1.87,1.87,1.77,1.68,1.64,1.6,1.66,1.68,1.63,1.62,1.61,1.66,1.74,1.8,1.84,1.96,2.01,2.13,2.11,2.09,1.99,1.88,1.73,1.6,1.52,1.5,1.5,1.54,1.57,1.65,1.71,1.75,1.77,1.85,1.88,1.91,1.94,1.98,1.9,1.91,1.89,1.88,1.85,1.85,1.85
Switzerland,2.44,2.52,2.58,2.65,2.66,2.59,2.5,2.39,2.29,2.19,2.1,2.04,1.91,1.81,1.73,1.61,1.55,1.53,1.51,1.52,1.55,1.55,1.56,1.52,1.53,1.52,1.53,1.52,1.57,1.56,1.58,1.58,1.58,1.51,1.49,1.48,1.5,1.48,1.47,1.48,1.5,1.38,1.39,1.39,1.42,1.42,1.44,1.46,1.48,1.5,1.52,1.52,1.52,1.52,1.54,1.54,1.54,1.54
Syria,7.47,7.5,7.52,7.54,7.55,7.56,7.57,7.57,7.57,7.57,7.57,7.57,7.56,7.54,7.51,7.47,7.42,7.36,7.29,7.2,7.09,6.98,6.84,6.7,6.53,6.36,6.17,5.96,5.75,5.53,5.31,5.11,4.92,4.76,4.63,4.51,4.41,4.32,4.23,4.14,4.04,3.94,3.84,3.74,3.65,3.56,3.47,3.39,3.33,3.26,3.21,3.16,3.11,3.06,3.02,2.97,2.92,2.87
Tajikistan,6.55,6.66,6.76,6.84,6.91,6.96,7,7.02,7.04,7.03,7,6.94,6.84,6.71,6.55,6.38,6.2,6.03,5.88,5.77,5.69,5.64,5.61,5.6,5.59,5.57,5.54,5.5,5.43,5.34,5.23,5.1,4.97,4.84,4.71,4.59,4.46,4.33,4.19,4.04,3.91,3.78,3.67,3.59,3.53,3.5,3.48,3.49,3.49,3.5,3.51,3.5,3.49,3.47,3.44,3.4,3.36,3.31
Tanzania,6.81,6.81,6.8,6.8,6.8,6.8,6.79,6.79,6.79,6.78,6.77,6.76,6.76,6.76,6.75,6.75,6.74,6.73,6.71,6.69,6.65,6.62,6.58,6.54,6.5,6.46,6.42,6.38,6.33,6.27,6.21,6.15,6.08,6.01,5.95,5.88,5.83,5.78,5.74,5.71,5.69,5.67,5.67,5.66,5.65,5.64,5.62,5.58,5.54,5.49,5.43,5.36,5.29,5.21,5.15,5.08,5.02,4.95
Thailand,6.15,6.15,6.16,6.16,6.15,6.13,6.08,6.01,5.9,5.76,5.59,5.4,5.18,4.95,4.72,4.49,4.26,4.03,3.81,3.59,3.39,3.2,3.02,2.86,2.71,2.57,2.45,2.35,2.26,2.18,2.11,2.06,2,1.96,1.91,1.87,1.82,1.78,1.74,1.71,1.67,1.64,1.62,1.59,1.58,1.57,1.56,1.56,1.55,1.55,1.55,1.54,1.53,1.52,1.51,1.5,1.48,1.47
Timor-Leste,6.37,6.38,6.38,6.37,6.35,6.31,6.27,6.21,6.13,6.04,5.92,5.75,5.54,5.3,5.04,4.79,4.61,4.51,4.51,4.61,4.77,4.96,5.13,5.26,5.32,5.34,5.31,5.27,5.26,5.27,5.34,5.47,5.65,5.87,6.13,6.38,6.63,6.83,6.99,7.08,7.11,7.09,7.04,6.96,6.88,6.79,6.69,6.59,6.48,6.36,6.23,6.11,5.98,5.86,5.74,5.62,5.5,5.39
Togo,6.52,6.57,6.62,6.68,6.73,6.79,6.85,6.91,6.97,7.03,7.08,7.14,7.18,7.22,7.25,7.28,7.29,7.28,7.27,7.25,7.21,7.16,7.1,7.03,6.95,6.87,6.78,6.67,6.56,6.44,6.32,6.2,6.08,5.96,5.86,5.75,5.67,5.59,5.52,5.46,5.41,5.36,5.32,5.28,5.23,5.18,5.12,5.06,5,4.94,4.87,4.8,4.73,4.66,4.59,4.52,4.45,4.38
Tonga,7.36,7.35,7.3,7.23,7.12,6.97,6.79,6.59,6.37,6.15,5.94,5.76,5.62,5.51,5.45,5.43,5.44,5.47,5.51,5.54,5.55,5.53,5.47,5.38,5.27,5.13,4.99,4.86,4.76,4.69,4.64,4.61,4.58,4.55,4.5,4.45,4.39,4.34,4.3,4.27,4.25,4.24,4.22,4.2,4.18,4.14,4.1,4.06,4.01,3.96,3.91,3.86,3.81,3.77,3.72,3.68,3.64,3.59
Trinidad and Tobago,5.26,5.18,5.05,4.87,4.66,4.43,4.2,3.98,3.8,3.66,3.55,3.48,3.43,3.39,3.35,3.31,3.29,3.27,3.27,3.28,3.28,3.28,3.26,3.22,3.15,3.06,2.95,2.83,2.7,2.57,2.45,2.34,2.23,2.13,2.04,1.96,1.9,1.84,1.8,1.77,1.75,1.74,1.74,1.75,1.76,1.77,1.78,1.79,1.8,1.8,1.81,1.8,1.8,1.79,1.78,1.77,1.75,1.74
Tunisia,6.94,6.97,6.99,7.01,7.01,7.01,6.98,6.94,6.88,6.8,6.71,6.59,6.46,6.33,6.19,6.04,5.89,5.73,5.57,5.41,5.24,5.08,4.92,4.75,4.59,4.42,4.25,4.07,3.88,3.68,3.48,3.28,3.08,2.91,2.75,2.61,2.48,2.38,2.29,2.21,2.14,2.09,2.05,2.02,2,1.99,2,2.02,2.06,2.1,2.14,2.18,2.21,2.23,2.23,2.22,2.2,2.17
Turkey,6.37,6.3,6.24,6.17,6.09,6.01,5.93,5.86,5.78,5.7,5.62,5.53,5.43,5.32,5.19,5.06,4.92,4.79,4.65,4.53,4.41,4.28,4.16,4.02,3.88,3.74,3.6,3.46,3.33,3.21,3.11,3.02,2.94,2.87,2.81,2.75,2.71,2.66,2.61,2.56,2.5,2.45,2.4,2.35,2.31,2.27,2.24,2.21,2.19,2.17,2.15,2.14,2.12,2.11,2.09,2.07,2.05,2.03
Turkmenistan,6.59,6.69,6.76,6.79,6.79,6.76,6.7,6.63,6.56,6.48,6.4,6.32,6.24,6.14,6.04,5.93,5.8,5.65,5.49,5.33,5.17,5.02,4.89,4.79,4.71,4.65,4.6,4.56,4.5,4.44,4.34,4.22,4.07,3.9,3.71,3.51,3.32,3.15,3.01,2.9,2.82,2.77,2.73,2.7,2.67,2.65,2.65,2.67,2.71,2.77,2.83,2.89,2.94,2.96,2.96,2.93,2.89,2.84
Uganda,7,7.02,7.04,7.06,7.08,7.09,7.11,7.11,7.12,7.12,7.12,7.11,7.11,7.1,7.1,7.1,7.1,7.1,7.1,7.1,7.1,7.1,7.1,7.1,7.1,7.1,7.1,7.1,7.1,7.1,7.09,7.08,7.07,7.06,7.04,7.02,6.99,6.97,6.94,6.9,6.87,6.82,6.77,6.72,6.65,6.58,6.51,6.42,6.34,6.25,6.15,6.06,5.96,5.87,5.78,5.68,5.59,5.5
Ukraine,2.24,2.17,2.14,2.06,1.96,1.99,2.02,2.01,2,2.04,2.09,2.12,2.08,2.04,2.04,2.02,1.99,1.94,1.96,1.96,1.95,1.93,1.98,2.08,2.09,2.06,2.08,2.05,2.02,1.92,1.84,1.77,1.67,1.56,1.47,1.4,1.33,1.27,1.21,1.12,1.11,1.08,1.13,1.17,1.22,1.21,1.31,1.34,1.46,1.47,1.44,1.46,1.53,1.51,1.5,1.51,1.47,1.37
United Arab Emirates,6.93,6.91,6.89,6.88,6.86,6.84,6.82,6.79,6.76,6.71,6.66,6.58,6.48,6.37,6.25,6.11,5.97,5.84,5.72,5.6,5.5,5.42,5.35,5.28,5.21,5.14,5.05,4.93,4.8,4.64,4.45,4.25,4.04,3.83,3.62,3.42,3.23,3.06,2.91,2.77,2.64,2.53,2.43,2.33,2.24,2.15,2.07,2,1.95,1.9,1.87,1.84,1.82,1.8,1.78,1.77,1.75,1.73
United Kingdom,2.69,2.78,2.86,2.88,2.93,2.86,2.78,2.68,2.6,2.51,2.44,2.41,2.2,2.04,1.92,1.81,1.74,1.69,1.75,1.86,1.9,1.82,1.78,1.77,1.77,1.79,1.78,1.81,1.82,1.79,1.83,1.82,1.79,1.76,1.74,1.71,1.73,1.72,1.71,1.68,1.64,1.63,1.63,1.7,1.75,1.76,1.82,1.86,1.91,1.89,1.92,1.91,1.92,1.83,1.81,1.8,1.79,1.79
United States,3.65,3.62,3.46,3.32,3.19,2.91,2.72,2.56,2.46,2.46,2.48,2.27,2.01,1.88,1.83,1.77,1.74,1.79,1.76,1.81,1.84,1.81,1.83,1.8,1.81,1.84,1.84,1.87,1.93,2.01,2.08,2.06,2.05,2.02,2,1.98,1.98,1.97,2,2.01,2.06,2.03,2.02,2.05,2.05,2.06,2.11,2.12,2.07,2,1.93,1.89,1.88,1.86,1.86,1.84,1.82,1.77
Uruguay,2.88,2.89,2.88,2.87,2.86,2.84,2.83,2.83,2.84,2.87,2.9,2.94,2.97,2.99,3,2.98,2.95,2.91,2.85,2.79,2.73,2.67,2.62,2.57,2.55,2.53,2.52,2.52,2.52,2.52,2.52,2.51,2.49,2.46,2.44,2.4,2.36,2.33,2.29,2.27,2.24,2.22,2.21,2.19,2.17,2.16,2.14,2.13,2.11,2.09,2.08,2.06,2.05,2.03,2.02,2.01,2,1.98
Uzbekistan,6.25,6.36,6.44,6.49,6.52,6.52,6.5,6.46,6.42,6.38,6.33,6.26,6.18,6.09,5.97,5.84,5.7,5.55,5.4,5.25,5.11,4.98,4.87,4.76,4.67,4.58,4.51,4.5,4.28,4.18,4.07,4.2,4,3.8,3.54,3.6,3.32,3.08,2.81,2.72,2.58,2.46,2.52,2.36,2.46,2.36,2.39,2.55,2.64,2.53,2.34,2.24,2.19,2.35,2.46,2.49,2.46,2.46
Vanuatu,7.2,7.12,7.03,6.94,6.84,6.73,6.63,6.53,6.43,6.35,6.27,6.2,6.13,6.07,6,5.93,5.86,5.79,5.72,5.64,5.58,5.5,5.43,5.36,5.28,5.21,5.14,5.08,5.02,4.97,4.93,4.89,4.85,4.81,4.78,4.73,4.68,4.61,4.54,4.46,4.37,4.27,4.16,4.06,3.95,3.85,3.76,3.68,3.61,3.55,3.5,3.46,3.42,3.38,3.35,3.31,3.27,3.24
Venezuela,6.62,6.64,6.63,6.58,6.5,6.37,6.2,6.01,5.81,5.61,5.4,5.22,5.05,4.91,4.78,4.67,4.57,4.48,4.39,4.3,4.2,4.1,4.01,3.93,3.86,3.79,3.73,3.67,3.6,3.52,3.45,3.37,3.29,3.22,3.15,3.08,3.02,2.97,2.92,2.87,2.82,2.78,2.74,2.7,2.66,2.63,2.59,2.56,2.53,2.5,2.47,2.44,2.42,2.39,2.37,2.34,2.32,2.29
Vietnam,6.35,6.39,6.42,6.45,6.46,6.47,6.49,6.49,6.49,6.49,6.46,6.42,6.35,6.25,6.13,5.97,5.8,5.61,5.42,5.23,5.05,4.87,4.69,4.52,4.36,4.21,4.06,3.93,3.8,3.68,3.55,3.42,3.26,3.09,2.9,2.71,2.53,2.36,2.21,2.1,2.01,1.95,1.92,1.9,1.89,1.89,1.9,1.91,1.92,1.94,1.95,1.95,1.96,1.96,1.96,1.96,1.95,1.95
Yemen,7.49,7.53,7.58,7.62,7.67,7.71,7.74,7.76,7.78,7.79,7.81,7.85,7.92,8,8.12,8.24,8.38,8.5,8.61,8.69,8.75,8.79,8.82,8.85,8.86,8.87,8.86,8.83,8.79,8.71,8.61,8.46,8.27,8.05,7.79,7.53,7.25,6.99,6.74,6.51,6.31,6.13,5.95,5.78,5.6,5.42,5.25,5.09,4.94,4.8,4.67,4.55,4.44,4.33,4.21,4.1,4,3.89
Zambia,7.12,7.17,7.21,7.25,7.27,7.29,7.3,7.32,7.33,7.35,7.37,7.38,7.39,7.39,7.38,7.36,7.32,7.28,7.22,7.16,7.09,7.02,6.95,6.88,6.81,6.75,6.69,6.62,6.56,6.5,6.44,6.38,6.33,6.28,6.23,6.19,6.15,6.12,6.09,6.07,6.04,6,5.96,5.92,5.86,5.79,5.72,5.64,5.56,5.48,5.4,5.32,5.24,5.17,5.1,5.04,4.98,4.92
Zimbabwe,7.16,7.21,7.27,7.31,7.35,7.37,7.39,7.4,7.41,7.42,7.42,7.42,7.42,7.42,7.41,7.39,7.37,7.33,7.27,7.2,7.09,6.97,6.81,6.63,6.43,6.22,6,5.78,5.57,5.37,5.18,5,4.84,4.69,4.55,4.43,4.33,4.24,4.16,4.1,4.05,4.02,4,3.99,3.98,3.98,3.99,4,4.01,4.02,4.03,4.02,4,3.96,3.9,3.84,3.76,3.68
